scan,method,floor,thresh,fg,count
Pot_200,otsu,0.6,29.8,0.4416,75
Pot_200,otsu,0.35,29.8,0.4416,80
Pot_200,otsu,0.25,29.8,0.4416,90
Pot_200,otsu,0.2,29.8,0.4416,101
Pot_200,otsu,0.15,29.8,0.4416,134
Pot_200,triangle,0.6,40.8,0.0029,128
Pot_200,triangle,0.35,40.8,0.0029,131
Pot_200,triangle,0.25,40.8,0.0029,133
Pot_200,triangle,0.2,40.8,0.0029,136
Pot_200,triangle,0.15,40.8,0.0029,139
Pot_200,yen,0.6,44.1,0.0027,128
Pot_200,yen,0.35,44.1,0.0027,130
Pot_200,yen,0.25,44.1,0.0027,131
Pot_200,yen,0.2,44.1,0.0027,133
Pot_200,yen,0.15,44.1,0.0027,136
Pot_200,fixed_62,0.6,62.0,0.002,96
Pot_200,fixed_62,0.35,62.0,0.002,116
Pot_200,fixed_62,0.25,62.0,0.002,126
Pot_200,fixed_62,0.2,62.0,0.002,130
Pot_200,fixed_62,0.15,62.0,0.002,131
Pot_200,bg+6mad,0.6,54.1,0.0024,122
Pot_200,bg+6mad,0.35,54.1,0.0024,129
Pot_200,bg+6mad,0.25,54.1,0.0024,130
Pot_200,bg+6mad,0.2,54.1,0.0024,131
Pot_200,bg+6mad,0.15,54.1,0.0024,131
Pot_200,bg+8mad,0.6,62.0,0.002,97
Pot_200,bg+8mad,0.35,62.0,0.002,117
Pot_200,bg+8mad,0.25,62.0,0.002,126
Pot_200,bg+8mad,0.2,62.0,0.002,130
Pot_200,bg+8mad,0.15,62.0,0.002,132
Pot_200,guarded_otsu->fixed_62,0.6,62.0,0.002,96
Pot_200,guarded_otsu->fixed_62,0.35,62.0,0.002,116
Pot_200,guarded_otsu->fixed_62,0.25,62.0,0.002,126
Pot_200,guarded_otsu->fixed_62,0.2,62.0,0.002,130
Pot_200,guarded_otsu->fixed_62,0.15,62.0,0.002,131
Pot_200,guarded_otsu->bg+8mad,0.6,62.0,0.002,97
Pot_200,guarded_otsu->bg+8mad,0.35,62.0,0.002,117
Pot_200,guarded_otsu->bg+8mad,0.25,62.0,0.002,126
Pot_200,guarded_otsu->bg+8mad,0.2,62.0,0.002,130
Pot_200,guarded_otsu->bg+8mad,0.15,62.0,0.002,132
Pot_95,otsu,0.6,61.5,0.0119,522
Pot_95,otsu,0.35,61.5,0.0119,522
Pot_95,otsu,0.25,61.5,0.0119,522
Pot_95,otsu,0.2,61.5,0.0119,522
Pot_95,otsu,0.15,61.5,0.0119,522
Pot_95,triangle,0.6,41.0,0.0137,513
Pot_95,triangle,0.35,41.0,0.0137,513
Pot_95,triangle,0.25,41.0,0.0137,514
Pot_95,triangle,0.2,41.0,0.0137,514
Pot_95,triangle,0.15,41.0,0.0137,514
Pot_95,yen,0.6,41.7,0.0137,513
Pot_95,yen,0.35,41.7,0.0137,513
Pot_95,yen,0.25,41.7,0.0137,514
Pot_95,yen,0.2,41.7,0.0137,514
Pot_95,yen,0.15,41.7,0.0137,514
Pot_95,fixed_62,0.6,62.0,0.0118,522
Pot_95,fixed_62,0.35,62.0,0.0118,522
Pot_95,fixed_62,0.25,62.0,0.0118,522
Pot_95,fixed_62,0.2,62.0,0.0118,522
Pot_95,fixed_62,0.15,62.0,0.0118,522
Pot_95,bg+6mad,0.6,54.4,0.0126,520
Pot_95,bg+6mad,0.35,54.4,0.0126,520
Pot_95,bg+6mad,0.25,54.4,0.0126,520
Pot_95,bg+6mad,0.2,54.4,0.0126,520
Pot_95,bg+6mad,0.15,54.4,0.0126,520
Pot_95,bg+8mad,0.6,62.3,0.0118,522
Pot_95,bg+8mad,0.35,62.3,0.0118,522
Pot_95,bg+8mad,0.25,62.3,0.0118,522
Pot_95,bg+8mad,0.2,62.3,0.0118,522
Pot_95,bg+8mad,0.15,62.3,0.0118,522
Pot_95,guarded_otsu->fixed_62,0.6,61.5,0.0119,522
Pot_95,guarded_otsu->fixed_62,0.35,61.5,0.0119,522
Pot_95,guarded_otsu->fixed_62,0.25,61.5,0.0119,522
Pot_95,guarded_otsu->fixed_62,0.2,61.5,0.0119,522
Pot_95,guarded_otsu->fixed_62,0.15,61.5,0.0119,522
Pot_95,guarded_otsu->bg+8mad,0.6,61.5,0.0119,522
Pot_95,guarded_otsu->bg+8mad,0.35,61.5,0.0119,522
Pot_95,guarded_otsu->bg+8mad,0.25,61.5,0.0119,522
Pot_95,guarded_otsu->bg+8mad,0.2,61.5,0.0119,522
Pot_95,guarded_otsu->bg+8mad,0.15,61.5,0.0119,522
Pot_121,otsu,0.6,62.4,0.0299,1127
Pot_121,otsu,0.35,62.4,0.0299,1128
Pot_121,otsu,0.25,62.4,0.0299,1129
Pot_121,otsu,0.2,62.4,0.0299,1130
Pot_121,otsu,0.15,62.4,0.0299,1130
Pot_121,triangle,0.6,39.9,0.0343,1073
Pot_121,triangle,0.35,39.9,0.0343,1075
Pot_121,triangle,0.25,39.9,0.0343,1077
Pot_121,triangle,0.2,39.9,0.0343,1079
Pot_121,triangle,0.15,39.9,0.0343,1083
Pot_121,yen,0.6,39.9,0.0343,1073
Pot_121,yen,0.35,39.9,0.0343,1075
Pot_121,yen,0.25,39.9,0.0343,1077
Pot_121,yen,0.2,39.9,0.0343,1079
Pot_121,yen,0.15,39.9,0.0343,1083
Pot_121,fixed_62,0.6,62.0,0.03,1127
Pot_121,fixed_62,0.35,62.0,0.03,1128
Pot_121,fixed_62,0.25,62.0,0.03,1129
Pot_121,fixed_62,0.2,62.0,0.03,1130
Pot_121,fixed_62,0.15,62.0,0.03,1130
Pot_121,bg+6mad,0.6,53.7,0.0317,1116
Pot_121,bg+6mad,0.35,53.7,0.0317,1121
Pot_121,bg+6mad,0.25,53.7,0.0317,1122
Pot_121,bg+6mad,0.2,53.7,0.0317,1123
Pot_121,bg+6mad,0.15,53.7,0.0317,1123
Pot_121,bg+8mad,0.6,61.6,0.0301,1127
Pot_121,bg+8mad,0.35,61.6,0.0301,1128
Pot_121,bg+8mad,0.25,61.6,0.0301,1129
Pot_121,bg+8mad,0.2,61.6,0.0301,1130
Pot_121,bg+8mad,0.15,61.6,0.0301,1130
Pot_121,guarded_otsu->fixed_62,0.6,62.4,0.0299,1127
Pot_121,guarded_otsu->fixed_62,0.35,62.4,0.0299,1128
Pot_121,guarded_otsu->fixed_62,0.25,62.4,0.0299,1129
Pot_121,guarded_otsu->fixed_62,0.2,62.4,0.0299,1130
Pot_121,guarded_otsu->fixed_62,0.15,62.4,0.0299,1130
Pot_121,guarded_otsu->bg+8mad,0.6,62.4,0.0299,1127
Pot_121,guarded_otsu->bg+8mad,0.35,62.4,0.0299,1128
Pot_121,guarded_otsu->bg+8mad,0.25,62.4,0.0299,1129
Pot_121,guarded_otsu->bg+8mad,0.2,62.4,0.0299,1130
Pot_121,guarded_otsu->bg+8mad,0.15,62.4,0.0299,1130
Pot_208,otsu,0.6,29.6,0.4902,12
Pot_208,otsu,0.35,29.6,0.4902,16
Pot_208,otsu,0.25,29.6,0.4902,24
Pot_208,otsu,0.2,29.6,0.4902,36
Pot_208,otsu,0.15,29.6,0.4902,61
Pot_208,triangle,0.6,40.7,0.0004,12
Pot_208,triangle,0.35,40.7,0.0004,14
Pot_208,triangle,0.25,40.7,0.0004,17
Pot_208,triangle,0.2,40.7,0.0004,20
Pot_208,triangle,0.15,40.7,0.0004,25
Pot_208,yen,0.6,81.1,0.0,1
Pot_208,yen,0.35,81.1,0.0,1
Pot_208,yen,0.25,81.1,0.0,1
Pot_208,yen,0.2,81.1,0.0,3
Pot_208,yen,0.15,81.1,0.0,3
Pot_208,fixed_62,0.6,62.0,0.0001,7
Pot_208,fixed_62,0.35,62.0,0.0001,9
Pot_208,fixed_62,0.25,62.0,0.0001,10
Pot_208,fixed_62,0.2,62.0,0.0001,13
Pot_208,fixed_62,0.15,62.0,0.0001,14
Pot_208,bg+6mad,0.6,51.1,0.0002,10
Pot_208,bg+6mad,0.35,51.1,0.0002,13
Pot_208,bg+6mad,0.25,51.1,0.0002,15
Pot_208,bg+6mad,0.2,51.1,0.0002,16
Pot_208,bg+6mad,0.15,51.1,0.0002,17
Pot_208,bg+8mad,0.6,58.0,0.0002,9
Pot_208,bg+8mad,0.35,58.0,0.0002,10
Pot_208,bg+8mad,0.25,58.0,0.0002,12
Pot_208,bg+8mad,0.2,58.0,0.0002,14
Pot_208,bg+8mad,0.15,58.0,0.0002,16
Pot_208,guarded_otsu->fixed_62,0.6,62.0,0.0001,7
Pot_208,guarded_otsu->fixed_62,0.35,62.0,0.0001,9
Pot_208,guarded_otsu->fixed_62,0.25,62.0,0.0001,10
Pot_208,guarded_otsu->fixed_62,0.2,62.0,0.0001,13
Pot_208,guarded_otsu->fixed_62,0.15,62.0,0.0001,14
Pot_208,guarded_otsu->bg+8mad,0.6,58.0,0.0002,9
Pot_208,guarded_otsu->bg+8mad,0.35,58.0,0.0002,10
Pot_208,guarded_otsu->bg+8mad,0.25,58.0,0.0002,12
Pot_208,guarded_otsu->bg+8mad,0.2,58.0,0.0002,14
Pot_208,guarded_otsu->bg+8mad,0.15,58.0,0.0002,16
Plot_30217,otsu,0.6,63.4,0.0273,1270
Plot_30217,otsu,0.35,63.4,0.0273,1271
Plot_30217,otsu,0.25,63.4,0.0273,1271
Plot_30217,otsu,0.2,63.4,0.0273,1271
Plot_30217,otsu,0.15,63.4,0.0273,1272
Plot_30217,triangle,0.6,39.0,0.0317,1193
Plot_30217,triangle,0.35,39.0,0.0317,1194
Plot_30217,triangle,0.25,39.0,0.0317,1196
Plot_30217,triangle,0.2,39.0,0.0317,1198
Plot_30217,triangle,0.15,39.0,0.0317,1202
Plot_30217,yen,0.6,38.4,0.0318,1190
Plot_30217,yen,0.35,38.4,0.0318,1192
Plot_30217,yen,0.25,38.4,0.0318,1195
Plot_30217,yen,0.2,38.4,0.0318,1197
Plot_30217,yen,0.15,38.4,0.0318,1199
Plot_30217,fixed_62,0.6,62.0,0.0276,1262
Plot_30217,fixed_62,0.35,62.0,0.0276,1263
Plot_30217,fixed_62,0.25,62.0,0.0276,1263
Plot_30217,fixed_62,0.2,62.0,0.0276,1263
Plot_30217,fixed_62,0.15,62.0,0.0276,1264
Plot_30217,bg+6mad,0.6,51.1,0.0294,1229
Plot_30217,bg+6mad,0.35,51.1,0.0294,1230
Plot_30217,bg+6mad,0.25,51.1,0.0294,1230
Plot_30217,bg+6mad,0.2,51.1,0.0294,1231
Plot_30217,bg+6mad,0.15,51.1,0.0294,1231
Plot_30217,bg+8mad,0.6,58.0,0.0283,1246
Plot_30217,bg+8mad,0.35,58.0,0.0283,1247
Plot_30217,bg+8mad,0.25,58.0,0.0283,1247
Plot_30217,bg+8mad,0.2,58.0,0.0283,1247
Plot_30217,bg+8mad,0.15,58.0,0.0283,1248
Plot_30217,guarded_otsu->fixed_62,0.6,63.4,0.0273,1270
Plot_30217,guarded_otsu->fixed_62,0.35,63.4,0.0273,1271
Plot_30217,guarded_otsu->fixed_62,0.25,63.4,0.0273,1271
Plot_30217,guarded_otsu->fixed_62,0.2,63.4,0.0273,1271
Plot_30217,guarded_otsu->fixed_62,0.15,63.4,0.0273,1272
Plot_30217,guarded_otsu->bg+8mad,0.6,63.4,0.0273,1270
Plot_30217,guarded_otsu->bg+8mad,0.35,63.4,0.0273,1271
Plot_30217,guarded_otsu->bg+8mad,0.25,63.4,0.0273,1271
Plot_30217,guarded_otsu->bg+8mad,0.2,63.4,0.0273,1271
Plot_30217,guarded_otsu->bg+8mad,0.15,63.4,0.0273,1272
Plot_20704,otsu,0.6,63.4,0.0266,1114
Plot_20704,otsu,0.35,63.4,0.0266,1124
Plot_20704,otsu,0.25,63.4,0.0266,1124
Plot_20704,otsu,0.2,63.4,0.0266,1125
Plot_20704,otsu,0.15,63.4,0.0266,1127
Plot_20704,triangle,0.6,39.8,0.0561,1010
Plot_20704,triangle,0.35,39.8,0.0561,1017
Plot_20704,triangle,0.25,39.8,0.0561,1022
Plot_20704,triangle,0.2,39.8,0.0561,1023
Plot_20704,triangle,0.15,39.8,0.0561,1028
Plot_20704,yen,0.6,50.0,0.0296,1075
Plot_20704,yen,0.35,50.0,0.0296,1084
Plot_20704,yen,0.25,50.0,0.0296,1085
Plot_20704,yen,0.2,50.0,0.0296,1087
Plot_20704,yen,0.15,50.0,0.0296,1087
Plot_20704,fixed_62,0.6,62.0,0.0268,1112
Plot_20704,fixed_62,0.35,62.0,0.0268,1122
Plot_20704,fixed_62,0.25,62.0,0.0268,1122
Plot_20704,fixed_62,0.2,62.0,0.0268,1124
Plot_20704,fixed_62,0.15,62.0,0.0268,1125
Plot_20704,bg+6mad,0.6,53.7,0.0284,1090
Plot_20704,bg+6mad,0.35,53.7,0.0284,1100
Plot_20704,bg+6mad,0.25,53.7,0.0284,1101
Plot_20704,bg+6mad,0.2,53.7,0.0284,1102
Plot_20704,bg+6mad,0.15,53.7,0.0284,1103
Plot_20704,bg+8mad,0.6,61.6,0.027,1110
Plot_20704,bg+8mad,0.35,61.6,0.027,1120
Plot_20704,bg+8mad,0.25,61.6,0.027,1120
Plot_20704,bg+8mad,0.2,61.6,0.027,1122
Plot_20704,bg+8mad,0.15,61.6,0.027,1123
Plot_20704,guarded_otsu->fixed_62,0.6,63.4,0.0266,1114
Plot_20704,guarded_otsu->fixed_62,0.35,63.4,0.0266,1124
Plot_20704,guarded_otsu->fixed_62,0.25,63.4,0.0266,1124
Plot_20704,guarded_otsu->fixed_62,0.2,63.4,0.0266,1125
Plot_20704,guarded_otsu->fixed_62,0.15,63.4,0.0266,1127
Plot_20704,guarded_otsu->bg+8mad,0.6,63.4,0.0266,1114
Plot_20704,guarded_otsu->bg+8mad,0.35,63.4,0.0266,1124
Plot_20704,guarded_otsu->bg+8mad,0.25,63.4,0.0266,1124
Plot_20704,guarded_otsu->bg+8mad,0.2,63.4,0.0266,1125
Plot_20704,guarded_otsu->bg+8mad,0.15,63.4,0.0266,1127
Order_210,otsu,0.6,52.3,0.0263,1202
Order_210,otsu,0.35,52.3,0.0263,1203
Order_210,otsu,0.25,52.3,0.0263,1205
Order_210,otsu,0.2,52.3,0.0263,1205
Order_210,otsu,0.15,52.3,0.0263,1206
Order_210,triangle,0.6,28.0,0.0305,1139
Order_210,triangle,0.35,28.0,0.0305,1142
Order_210,triangle,0.25,28.0,0.0305,1142
Order_210,triangle,0.2,28.0,0.0305,1146
Order_210,triangle,0.15,28.0,0.0305,1149
Order_210,yen,0.6,27.4,0.0306,1134
Order_210,yen,0.35,27.4,0.0306,1137
Order_210,yen,0.25,27.4,0.0306,1137
Order_210,yen,0.2,27.4,0.0306,1141
Order_210,yen,0.15,27.4,0.0306,1145
Order_210,fixed_62,0.6,62.0,0.0239,1223
Order_210,fixed_62,0.35,62.0,0.0239,1224
Order_210,fixed_62,0.25,62.0,0.0239,1225
Order_210,fixed_62,0.2,62.0,0.0239,1226
Order_210,fixed_62,0.15,62.0,0.0239,1227
Order_210,bg+6mad,0.6,37.5,0.0287,1167
Order_210,bg+6mad,0.35,37.5,0.0287,1169
Order_210,bg+6mad,0.25,37.5,0.0287,1170
Order_210,bg+6mad,0.2,37.5,0.0287,1170
Order_210,bg+6mad,0.15,37.5,0.0287,1170
Order_210,bg+8mad,0.6,43.4,0.0278,1180
Order_210,bg+8mad,0.35,43.4,0.0278,1182
Order_210,bg+8mad,0.25,43.4,0.0278,1182
Order_210,bg+8mad,0.2,43.4,0.0278,1182
Order_210,bg+8mad,0.15,43.4,0.0278,1182
Order_210,guarded_otsu->fixed_62,0.6,52.3,0.0263,1202
Order_210,guarded_otsu->fixed_62,0.35,52.3,0.0263,1203
Order_210,guarded_otsu->fixed_62,0.25,52.3,0.0263,1205
Order_210,guarded_otsu->fixed_62,0.2,52.3,0.0263,1205
Order_210,guarded_otsu->fixed_62,0.15,52.3,0.0263,1206
Order_210,guarded_otsu->bg+8mad,0.6,52.3,0.0263,1202
Order_210,guarded_otsu->bg+8mad,0.35,52.3,0.0263,1203
Order_210,guarded_otsu->bg+8mad,0.25,52.3,0.0263,1205
Order_210,guarded_otsu->bg+8mad,0.2,52.3,0.0263,1205
Order_210,guarded_otsu->bg+8mad,0.15,52.3,0.0263,1206
Order_279,otsu,0.6,48.3,0.0252,1047
Order_279,otsu,0.35,48.3,0.0252,1050
Order_279,otsu,0.25,48.3,0.0252,1054
Order_279,otsu,0.2,48.3,0.0252,1055
Order_279,otsu,0.15,48.3,0.0252,1055
Order_279,triangle,0.6,27.5,0.0286,1012
Order_279,triangle,0.35,27.5,0.0286,1013
Order_279,triangle,0.25,27.5,0.0286,1014
Order_279,triangle,0.2,27.5,0.0286,1015
Order_279,triangle,0.15,27.5,0.0286,1016
Order_279,yen,0.6,26.9,0.0288,1009
Order_279,yen,0.35,26.9,0.0288,1010
Order_279,yen,0.25,26.9,0.0288,1011
Order_279,yen,0.2,26.9,0.0288,1012
Order_279,yen,0.15,26.9,0.0288,1014
Order_279,fixed_62,0.6,62.0,0.0215,1046
Order_279,fixed_62,0.35,62.0,0.0215,1063
Order_279,fixed_62,0.25,62.0,0.0215,1073
Order_279,fixed_62,0.2,62.0,0.0215,1075
Order_279,fixed_62,0.15,62.0,0.0215,1081
Order_279,bg+6mad,0.6,36.5,0.0272,1034
Order_279,bg+6mad,0.35,36.5,0.0272,1035
Order_279,bg+6mad,0.25,36.5,0.0272,1035
Order_279,bg+6mad,0.2,36.5,0.0272,1036
Order_279,bg+6mad,0.15,36.5,0.0272,1036
Order_279,bg+8mad,0.6,42.4,0.0262,1046
Order_279,bg+8mad,0.35,42.4,0.0262,1047
Order_279,bg+8mad,0.25,42.4,0.0262,1048
Order_279,bg+8mad,0.2,42.4,0.0262,1048
Order_279,bg+8mad,0.15,42.4,0.0262,1049
Order_279,guarded_otsu->fixed_62,0.6,48.3,0.0252,1047
Order_279,guarded_otsu->fixed_62,0.35,48.3,0.0252,1050
Order_279,guarded_otsu->fixed_62,0.25,48.3,0.0252,1054
Order_279,guarded_otsu->fixed_62,0.2,48.3,0.0252,1055
Order_279,guarded_otsu->fixed_62,0.15,48.3,0.0252,1055
Order_279,guarded_otsu->bg+8mad,0.6,48.3,0.0252,1047
Order_279,guarded_otsu->bg+8mad,0.35,48.3,0.0252,1050
Order_279,guarded_otsu->bg+8mad,0.25,48.3,0.0252,1054
Order_279,guarded_otsu->bg+8mad,0.2,48.3,0.0252,1055
Order_279,guarded_otsu->bg+8mad,0.15,48.3,0.0252,1055
Order_92,otsu,0.6,50.3,0.0241,1079
Order_92,otsu,0.35,50.3,0.0241,1081
Order_92,otsu,0.25,50.3,0.0241,1081
Order_92,otsu,0.2,50.3,0.0241,1083
Order_92,otsu,0.15,50.3,0.0241,1084
Order_92,triangle,0.6,26.8,0.0284,1013
Order_92,triangle,0.35,26.8,0.0284,1016
Order_92,triangle,0.25,26.8,0.0284,1018
Order_92,triangle,0.2,26.8,0.0284,1020
Order_92,triangle,0.15,26.8,0.0284,1024
Order_92,yen,0.6,26.1,0.0287,1011
Order_92,yen,0.35,26.1,0.0287,1015
Order_92,yen,0.25,26.1,0.0287,1017
Order_92,yen,0.2,26.1,0.0287,1018
Order_92,yen,0.15,26.1,0.0287,1021
Order_92,fixed_62,0.6,62.0,0.0213,1104
Order_92,fixed_62,0.35,62.0,0.0213,1106
Order_92,fixed_62,0.25,62.0,0.0213,1106
Order_92,fixed_62,0.2,62.0,0.0213,1106
Order_92,fixed_62,0.15,62.0,0.0213,1108
Order_92,bg+6mad,0.6,36.8,0.0266,1050
Order_92,bg+6mad,0.35,36.8,0.0266,1051
Order_92,bg+6mad,0.25,36.8,0.0266,1052
Order_92,bg+6mad,0.2,36.8,0.0266,1053
Order_92,bg+6mad,0.15,36.8,0.0266,1053
Order_92,bg+8mad,0.6,42.7,0.0256,1063
Order_92,bg+8mad,0.35,42.7,0.0256,1064
Order_92,bg+8mad,0.25,42.7,0.0256,1066
Order_92,bg+8mad,0.2,42.7,0.0256,1066
Order_92,bg+8mad,0.15,42.7,0.0256,1067
Order_92,guarded_otsu->fixed_62,0.6,50.3,0.0241,1079
Order_92,guarded_otsu->fixed_62,0.35,50.3,0.0241,1081
Order_92,guarded_otsu->fixed_62,0.25,50.3,0.0241,1081
Order_92,guarded_otsu->fixed_62,0.2,50.3,0.0241,1083
Order_92,guarded_otsu->fixed_62,0.15,50.3,0.0241,1084
Order_92,guarded_otsu->bg+8mad,0.6,50.3,0.0241,1079
Order_92,guarded_otsu->bg+8mad,0.35,50.3,0.0241,1081
Order_92,guarded_otsu->bg+8mad,0.25,50.3,0.0241,1081
Order_92,guarded_otsu->bg+8mad,0.2,50.3,0.0241,1083
Order_92,guarded_otsu->bg+8mad,0.15,50.3,0.0241,1084
Order_794,otsu,0.6,47.7,0.0228,916
Order_794,otsu,0.35,47.7,0.0228,918
Order_794,otsu,0.25,47.7,0.0228,918
Order_794,otsu,0.2,47.7,0.0228,918
Order_794,otsu,0.15,47.7,0.0228,919
Order_794,triangle,0.6,26.4,0.0268,876
Order_794,triangle,0.35,26.4,0.0268,878
Order_794,triangle,0.25,26.4,0.0268,880
Order_794,triangle,0.2,26.4,0.0268,882
Order_794,triangle,0.15,26.4,0.0268,884
Order_794,yen,0.6,25.8,0.027,873
Order_794,yen,0.35,25.8,0.027,875
Order_794,yen,0.25,25.8,0.027,878
Order_794,yen,0.2,25.8,0.027,879
Order_794,yen,0.15,25.8,0.027,881
Order_794,fixed_62,0.6,62.0,0.019,933
Order_794,fixed_62,0.35,62.0,0.019,935
Order_794,fixed_62,0.25,62.0,0.019,935
Order_794,fixed_62,0.2,62.0,0.019,935
Order_794,fixed_62,0.15,62.0,0.019,935
Order_794,bg+6mad,0.6,36.5,0.0249,900
Order_794,bg+6mad,0.35,36.5,0.0249,902
Order_794,bg+6mad,0.25,36.5,0.0249,902
Order_794,bg+6mad,0.2,36.5,0.0249,903
Order_794,bg+6mad,0.15,36.5,0.0249,904
Order_794,bg+8mad,0.6,42.4,0.0239,906
Order_794,bg+8mad,0.35,42.4,0.0239,908
Order_794,bg+8mad,0.25,42.4,0.0239,908
Order_794,bg+8mad,0.2,42.4,0.0239,908
Order_794,bg+8mad,0.15,42.4,0.0239,910
Order_794,guarded_otsu->fixed_62,0.6,47.7,0.0228,916
Order_794,guarded_otsu->fixed_62,0.35,47.7,0.0228,918
Order_794,guarded_otsu->fixed_62,0.25,47.7,0.0228,918
Order_794,guarded_otsu->fixed_62,0.2,47.7,0.0228,918
Order_794,guarded_otsu->fixed_62,0.15,47.7,0.0228,919
Order_794,guarded_otsu->bg+8mad,0.6,47.7,0.0228,916
Order_794,guarded_otsu->bg+8mad,0.35,47.7,0.0228,918
Order_794,guarded_otsu->bg+8mad,0.25,47.7,0.0228,918
Order_794,guarded_otsu->bg+8mad,0.2,47.7,0.0228,918
Order_794,guarded_otsu->bg+8mad,0.15,47.7,0.0228,919
Order_597,otsu,0.6,47.8,0.0244,967
Order_597,otsu,0.35,47.8,0.0244,968
Order_597,otsu,0.25,47.8,0.0244,968
Order_597,otsu,0.2,47.8,0.0244,969
Order_597,otsu,0.15,47.8,0.0244,970
Order_597,triangle,0.6,26.7,0.0285,910
Order_597,triangle,0.35,26.7,0.0285,911
Order_597,triangle,0.25,26.7,0.0285,912
Order_597,triangle,0.2,26.7,0.0285,913
Order_597,triangle,0.15,26.7,0.0285,915
Order_597,yen,0.6,27.2,0.0284,913
Order_597,yen,0.35,27.2,0.0284,914
Order_597,yen,0.25,27.2,0.0284,915
Order_597,yen,0.2,27.2,0.0284,916
Order_597,yen,0.15,27.2,0.0284,918
Order_597,fixed_62,0.6,62.0,0.0204,970
Order_597,fixed_62,0.35,62.0,0.0204,971
Order_597,fixed_62,0.25,62.0,0.0204,972
Order_597,fixed_62,0.2,62.0,0.0204,972
Order_597,fixed_62,0.15,62.0,0.0204,973
Order_597,bg+6mad,0.6,36.5,0.0266,946
Order_597,bg+6mad,0.35,36.5,0.0266,948
Order_597,bg+6mad,0.25,36.5,0.0266,948
Order_597,bg+6mad,0.2,36.5,0.0266,949
Order_597,bg+6mad,0.15,36.5,0.0266,949
Order_597,bg+8mad,0.6,42.4,0.0255,954
Order_597,bg+8mad,0.35,42.4,0.0255,955
Order_597,bg+8mad,0.25,42.4,0.0255,957
Order_597,bg+8mad,0.2,42.4,0.0255,957
Order_597,bg+8mad,0.15,42.4,0.0255,958
Order_597,guarded_otsu->fixed_62,0.6,47.8,0.0244,967
Order_597,guarded_otsu->fixed_62,0.35,47.8,0.0244,968
Order_597,guarded_otsu->fixed_62,0.25,47.8,0.0244,968
Order_597,guarded_otsu->fixed_62,0.2,47.8,0.0244,969
Order_597,guarded_otsu->fixed_62,0.15,47.8,0.0244,970
Order_597,guarded_otsu->bg+8mad,0.6,47.8,0.0244,967
Order_597,guarded_otsu->bg+8mad,0.35,47.8,0.0244,968
Order_597,guarded_otsu->bg+8mad,0.25,47.8,0.0244,968
Order_597,guarded_otsu->bg+8mad,0.2,47.8,0.0244,969
Order_597,guarded_otsu->bg+8mad,0.15,47.8,0.0244,970
Order_61,otsu,0.6,47.7,0.0027,117
Order_61,otsu,0.35,47.7,0.0027,126
Order_61,otsu,0.25,47.7,0.0027,127
Order_61,otsu,0.2,47.7,0.0027,129
Order_61,otsu,0.15,47.7,0.0027,129
Order_61,triangle,0.6,28.3,0.0033,123
Order_61,triangle,0.35,28.3,0.0033,126
Order_61,triangle,0.25,28.3,0.0033,126
Order_61,triangle,0.2,28.3,0.0033,130
Order_61,triangle,0.15,28.3,0.0033,134
Order_61,yen,0.6,30.2,0.0032,123
Order_61,yen,0.35,30.2,0.0032,126
Order_61,yen,0.25,30.2,0.0032,126
Order_61,yen,0.2,30.2,0.0032,127
Order_61,yen,0.15,30.2,0.0032,132
Order_61,fixed_62,0.6,62.0,0.002,95
Order_61,fixed_62,0.35,62.0,0.002,109
Order_61,fixed_62,0.25,62.0,0.002,113
Order_61,fixed_62,0.2,62.0,0.002,117
Order_61,fixed_62,0.15,62.0,0.002,119
Order_61,bg+6mad,0.6,38.1,0.003,125
Order_61,bg+6mad,0.35,38.1,0.003,127
Order_61,bg+6mad,0.25,38.1,0.003,128
Order_61,bg+6mad,0.2,38.1,0.003,128
Order_61,bg+6mad,0.15,38.1,0.003,130
Order_61,bg+8mad,0.6,44.1,0.0028,123
Order_61,bg+8mad,0.35,44.1,0.0028,129
Order_61,bg+8mad,0.25,44.1,0.0028,129
Order_61,bg+8mad,0.2,44.1,0.0028,129
Order_61,bg+8mad,0.15,44.1,0.0028,129
Order_61,guarded_otsu->fixed_62,0.6,47.7,0.0027,117
Order_61,guarded_otsu->fixed_62,0.35,47.7,0.0027,126
Order_61,guarded_otsu->fixed_62,0.25,47.7,0.0027,127
Order_61,guarded_otsu->fixed_62,0.2,47.7,0.0027,129
Order_61,guarded_otsu->fixed_62,0.15,47.7,0.0027,129
Order_61,guarded_otsu->bg+8mad,0.6,47.7,0.0027,117
Order_61,guarded_otsu->bg+8mad,0.35,47.7,0.0027,126
Order_61,guarded_otsu->bg+8mad,0.25,47.7,0.0027,127
Order_61,guarded_otsu->bg+8mad,0.2,47.7,0.0027,129
Order_61,guarded_otsu->bg+8mad,0.15,47.7,0.0027,129
Order_198,otsu,0.6,47.4,0.0233,1152
Order_198,otsu,0.35,47.4,0.0233,1154
Order_198,otsu,0.25,47.4,0.0233,1156
Order_198,otsu,0.2,47.4,0.0233,1157
Order_198,otsu,0.15,47.4,0.0233,1158
Order_198,triangle,0.6,27.0,0.0273,1085
Order_198,triangle,0.35,27.0,0.0273,1088
Order_198,triangle,0.25,27.0,0.0273,1088
Order_198,triangle,0.2,27.0,0.0273,1088
Order_198,triangle,0.15,27.0,0.0273,1089
Order_198,yen,0.6,27.5,0.0271,1089
Order_198,yen,0.35,27.5,0.0271,1091
Order_198,yen,0.25,27.5,0.0271,1092
Order_198,yen,0.2,27.5,0.0271,1092
Order_198,yen,0.15,27.5,0.0271,1093
Order_198,fixed_62,0.6,62.0,0.0192,1158
Order_198,fixed_62,0.35,62.0,0.0192,1170
Order_198,fixed_62,0.25,62.0,0.0192,1173
Order_198,fixed_62,0.2,62.0,0.0192,1175
Order_198,fixed_62,0.15,62.0,0.0192,1178
Order_198,bg+6mad,0.6,37.5,0.0252,1122
Order_198,bg+6mad,0.35,37.5,0.0252,1124
Order_198,bg+6mad,0.25,37.5,0.0252,1126
Order_198,bg+6mad,0.2,37.5,0.0252,1126
Order_198,bg+6mad,0.15,37.5,0.0252,1127
Order_198,bg+8mad,0.6,43.4,0.0242,1137
Order_198,bg+8mad,0.35,43.4,0.0242,1138
Order_198,bg+8mad,0.25,43.4,0.0242,1138
Order_198,bg+8mad,0.2,43.4,0.0242,1140
Order_198,bg+8mad,0.15,43.4,0.0242,1140
Order_198,guarded_otsu->fixed_62,0.6,47.4,0.0233,1152
Order_198,guarded_otsu->fixed_62,0.35,47.4,0.0233,1154
Order_198,guarded_otsu->fixed_62,0.25,47.4,0.0233,1156
Order_198,guarded_otsu->fixed_62,0.2,47.4,0.0233,1157
Order_198,guarded_otsu->fixed_62,0.15,47.4,0.0233,1158
Order_198,guarded_otsu->bg+8mad,0.6,47.4,0.0233,1152
Order_198,guarded_otsu->bg+8mad,0.35,47.4,0.0233,1154
Order_198,guarded_otsu->bg+8mad,0.25,47.4,0.0233,1156
Order_198,guarded_otsu->bg+8mad,0.2,47.4,0.0233,1157
Order_198,guarded_otsu->bg+8mad,0.15,47.4,0.0233,1158
Order_799,otsu,0.6,52.9,0.0223,828
Order_799,otsu,0.35,52.9,0.0223,829
Order_799,otsu,0.25,52.9,0.0223,829
Order_799,otsu,0.2,52.9,0.0223,829
Order_799,otsu,0.15,52.9,0.0223,829
Order_799,triangle,0.6,26.0,0.0366,751
Order_799,triangle,0.35,26.0,0.0366,751
Order_799,triangle,0.25,26.0,0.0366,751
Order_799,triangle,0.2,26.0,0.0366,753
Order_799,triangle,0.15,26.0,0.0366,757
Order_799,yen,0.6,31.4,0.0254,797
Order_799,yen,0.35,31.4,0.0254,797
Order_799,yen,0.25,31.4,0.0254,797
Order_799,yen,0.2,31.4,0.0254,797
Order_799,yen,0.15,31.4,0.0254,798
Order_799,fixed_62,0.6,62.0,0.0205,842
Order_799,fixed_62,0.35,62.0,0.0205,842
Order_799,fixed_62,0.25,62.0,0.0205,843
Order_799,fixed_62,0.2,62.0,0.0205,843
Order_799,fixed_62,0.15,62.0,0.0205,843
Order_799,bg+6mad,0.6,36.1,0.0245,811
Order_799,bg+6mad,0.35,36.1,0.0245,811
Order_799,bg+6mad,0.25,36.1,0.0245,811
Order_799,bg+6mad,0.2,36.1,0.0245,811
Order_799,bg+6mad,0.15,36.1,0.0245,811
Order_799,bg+8mad,0.6,42.1,0.0238,820
Order_799,bg+8mad,0.35,42.1,0.0238,820
Order_799,bg+8mad,0.25,42.1,0.0238,820
Order_799,bg+8mad,0.2,42.1,0.0238,820
Order_799,bg+8mad,0.15,42.1,0.0238,820
Order_799,guarded_otsu->fixed_62,0.6,52.9,0.0223,828
Order_799,guarded_otsu->fixed_62,0.35,52.9,0.0223,829
Order_799,guarded_otsu->fixed_62,0.25,52.9,0.0223,829
Order_799,guarded_otsu->fixed_62,0.2,52.9,0.0223,829
Order_799,guarded_otsu->fixed_62,0.15,52.9,0.0223,829
Order_799,guarded_otsu->bg+8mad,0.6,52.9,0.0223,828
Order_799,guarded_otsu->bg+8mad,0.35,52.9,0.0223,829
Order_799,guarded_otsu->bg+8mad,0.25,52.9,0.0223,829
Order_799,guarded_otsu->bg+8mad,0.2,52.9,0.0223,829
Order_799,guarded_otsu->bg+8mad,0.15,52.9,0.0223,829
Order_343,otsu,0.6,47.5,0.0265,1171
Order_343,otsu,0.35,47.5,0.0265,1172
Order_343,otsu,0.25,47.5,0.0265,1172
Order_343,otsu,0.2,47.5,0.0265,1172
Order_343,otsu,0.15,47.5,0.0265,1173
Order_343,triangle,0.6,26.3,0.031,1105
Order_343,triangle,0.35,26.3,0.031,1108
Order_343,triangle,0.25,26.3,0.031,1109
Order_343,triangle,0.2,26.3,0.031,1110
Order_343,triangle,0.15,26.3,0.031,1111
Order_343,yen,0.6,25.7,0.0311,1104
Order_343,yen,0.35,25.7,0.0311,1107
Order_343,yen,0.25,25.7,0.0311,1108
Order_343,yen,0.2,25.7,0.0311,1109
Order_343,yen,0.15,25.7,0.0311,1110
Order_343,fixed_62,0.6,62.0,0.0219,1190
Order_343,fixed_62,0.35,62.0,0.0219,1194
Order_343,fixed_62,0.25,62.0,0.0219,1194
Order_343,fixed_62,0.2,62.0,0.0219,1194
Order_343,fixed_62,0.15,62.0,0.0219,1195
Order_343,bg+6mad,0.6,34.2,0.0292,1136
Order_343,bg+6mad,0.35,34.2,0.0292,1138
Order_343,bg+6mad,0.25,34.2,0.0292,1139
Order_343,bg+6mad,0.2,34.2,0.0292,1140
Order_343,bg+6mad,0.15,34.2,0.0292,1141
Order_343,bg+8mad,0.6,39.1,0.0283,1151
Order_343,bg+8mad,0.35,39.1,0.0283,1152
Order_343,bg+8mad,0.25,39.1,0.0283,1152
Order_343,bg+8mad,0.2,39.1,0.0283,1153
Order_343,bg+8mad,0.15,39.1,0.0283,1154
Order_343,guarded_otsu->fixed_62,0.6,47.5,0.0265,1171
Order_343,guarded_otsu->fixed_62,0.35,47.5,0.0265,1172
Order_343,guarded_otsu->fixed_62,0.25,47.5,0.0265,1172
Order_343,guarded_otsu->fixed_62,0.2,47.5,0.0265,1172
Order_343,guarded_otsu->fixed_62,0.15,47.5,0.0265,1173
Order_343,guarded_otsu->bg+8mad,0.6,47.5,0.0265,1171
Order_343,guarded_otsu->bg+8mad,0.35,47.5,0.0265,1172
Order_343,guarded_otsu->bg+8mad,0.25,47.5,0.0265,1172
Order_343,guarded_otsu->bg+8mad,0.2,47.5,0.0265,1172
Order_343,guarded_otsu->bg+8mad,0.15,47.5,0.0265,1173
Order_354,otsu,0.6,47.6,0.0224,946
Order_354,otsu,0.35,47.6,0.0224,947
Order_354,otsu,0.25,47.6,0.0224,947
Order_354,otsu,0.2,47.6,0.0224,947
Order_354,otsu,0.15,47.6,0.0224,948
Order_354,triangle,0.6,26.3,0.0259,885
Order_354,triangle,0.35,26.3,0.0259,886
Order_354,triangle,0.25,26.3,0.0259,887
Order_354,triangle,0.2,26.3,0.0259,888
Order_354,triangle,0.15,26.3,0.0259,888
Order_354,yen,0.6,25.7,0.026,884
Order_354,yen,0.35,25.7,0.026,885
Order_354,yen,0.25,25.7,0.026,886
Order_354,yen,0.2,25.7,0.026,887
Order_354,yen,0.15,25.7,0.026,887
Order_354,fixed_62,0.6,62.0,0.0186,961
Order_354,fixed_62,0.35,62.0,0.0186,968
Order_354,fixed_62,0.25,62.0,0.0186,970
Order_354,fixed_62,0.2,62.0,0.0186,971
Order_354,fixed_62,0.15,62.0,0.0186,972
Order_354,bg+6mad,0.6,34.2,0.0246,915
Order_354,bg+6mad,0.35,34.2,0.0246,915
Order_354,bg+6mad,0.25,34.2,0.0246,916
Order_354,bg+6mad,0.2,34.2,0.0246,917
Order_354,bg+6mad,0.15,34.2,0.0246,918
Order_354,bg+8mad,0.6,39.1,0.0238,926
Order_354,bg+8mad,0.35,39.1,0.0238,927
Order_354,bg+8mad,0.25,39.1,0.0238,927
Order_354,bg+8mad,0.2,39.1,0.0238,928
Order_354,bg+8mad,0.15,39.1,0.0238,929
Order_354,guarded_otsu->fixed_62,0.6,47.6,0.0224,946
Order_354,guarded_otsu->fixed_62,0.35,47.6,0.0224,947
Order_354,guarded_otsu->fixed_62,0.25,47.6,0.0224,947
Order_354,guarded_otsu->fixed_62,0.2,47.6,0.0224,947
Order_354,guarded_otsu->fixed_62,0.15,47.6,0.0224,948
Order_354,guarded_otsu->bg+8mad,0.6,47.6,0.0224,946
Order_354,guarded_otsu->bg+8mad,0.35,47.6,0.0224,947
Order_354,guarded_otsu->bg+8mad,0.25,47.6,0.0224,947
Order_354,guarded_otsu->bg+8mad,0.2,47.6,0.0224,947
Order_354,guarded_otsu->bg+8mad,0.15,47.6,0.0224,948
Order_120,otsu,0.6,47.2,0.0232,927
Order_120,otsu,0.35,47.2,0.0232,930
Order_120,otsu,0.25,47.2,0.0232,931
Order_120,otsu,0.2,47.2,0.0232,931
Order_120,otsu,0.15,47.2,0.0232,932
Order_120,triangle,0.6,26.7,0.0266,868
Order_120,triangle,0.35,26.7,0.0266,872
Order_120,triangle,0.25,26.7,0.0266,873
Order_120,triangle,0.2,26.7,0.0266,873
Order_120,triangle,0.15,26.7,0.0266,876
Order_120,yen,0.6,27.3,0.0264,871
Order_120,yen,0.35,27.3,0.0264,875
Order_120,yen,0.25,27.3,0.0264,876
Order_120,yen,0.2,27.3,0.0264,876
Order_120,yen,0.15,27.3,0.0264,879
Order_120,fixed_62,0.6,62.0,0.0194,936
Order_120,fixed_62,0.35,62.0,0.0194,944
Order_120,fixed_62,0.25,62.0,0.0194,950
Order_120,fixed_62,0.2,62.0,0.0194,951
Order_120,fixed_62,0.15,62.0,0.0194,955
Order_120,bg+6mad,0.6,36.5,0.0249,900
Order_120,bg+6mad,0.35,36.5,0.0249,904
Order_120,bg+6mad,0.25,36.5,0.0249,905
Order_120,bg+6mad,0.2,36.5,0.0249,906
Order_120,bg+6mad,0.15,36.5,0.0249,906
Order_120,bg+8mad,0.6,42.4,0.024,912
Order_120,bg+8mad,0.35,42.4,0.024,916
Order_120,bg+8mad,0.25,42.4,0.024,916
Order_120,bg+8mad,0.2,42.4,0.024,917
Order_120,bg+8mad,0.15,42.4,0.024,918
Order_120,guarded_otsu->fixed_62,0.6,47.2,0.0232,927
Order_120,guarded_otsu->fixed_62,0.35,47.2,0.0232,930
Order_120,guarded_otsu->fixed_62,0.25,47.2,0.0232,931
Order_120,guarded_otsu->fixed_62,0.2,47.2,0.0232,931
Order_120,guarded_otsu->fixed_62,0.15,47.2,0.0232,932
Order_120,guarded_otsu->bg+8mad,0.6,47.2,0.0232,927
Order_120,guarded_otsu->bg+8mad,0.35,47.2,0.0232,930
Order_120,guarded_otsu->bg+8mad,0.25,47.2,0.0232,931
Order_120,guarded_otsu->bg+8mad,0.2,47.2,0.0232,931
Order_120,guarded_otsu->bg+8mad,0.15,47.2,0.0232,932
Order_654,otsu,0.6,52.8,0.0273,1104
Order_654,otsu,0.35,52.8,0.0273,1108
Order_654,otsu,0.25,52.8,0.0273,1109
Order_654,otsu,0.2,52.8,0.0273,1109
Order_654,otsu,0.15,52.8,0.0273,1109
Order_654,triangle,0.6,24.3,0.0322,1043
Order_654,triangle,0.35,24.3,0.0322,1045
Order_654,triangle,0.25,24.3,0.0322,1046
Order_654,triangle,0.2,24.3,0.0322,1050
Order_654,triangle,0.15,24.3,0.0322,1056
Order_654,yen,0.6,25.4,0.0316,1059
Order_654,yen,0.35,25.4,0.0316,1059
Order_654,yen,0.25,25.4,0.0316,1060
Order_654,yen,0.2,25.4,0.0316,1062
Order_654,yen,0.15,25.4,0.0316,1069
Order_654,fixed_62,0.6,62.0,0.0253,1116
Order_654,fixed_62,0.35,62.0,0.0253,1117
Order_654,fixed_62,0.25,62.0,0.0253,1117
Order_654,fixed_62,0.2,62.0,0.0253,1118
Order_654,fixed_62,0.15,62.0,0.0253,1119
Order_654,bg+6mad,0.6,35.8,0.0299,1084
Order_654,bg+6mad,0.35,35.8,0.0299,1084
Order_654,bg+6mad,0.25,35.8,0.0299,1084
Order_654,bg+6mad,0.2,35.8,0.0299,1084
Order_654,bg+6mad,0.15,35.8,0.0299,1084
Order_654,bg+8mad,0.6,41.7,0.0291,1094
Order_654,bg+8mad,0.35,41.7,0.0291,1095
Order_654,bg+8mad,0.25,41.7,0.0291,1095
Order_654,bg+8mad,0.2,41.7,0.0291,1095
Order_654,bg+8mad,0.15,41.7,0.0291,1095
Order_654,guarded_otsu->fixed_62,0.6,52.8,0.0273,1104
Order_654,guarded_otsu->fixed_62,0.35,52.8,0.0273,1108
Order_654,guarded_otsu->fixed_62,0.25,52.8,0.0273,1109
Order_654,guarded_otsu->fixed_62,0.2,52.8,0.0273,1109
Order_654,guarded_otsu->fixed_62,0.15,52.8,0.0273,1109
Order_654,guarded_otsu->bg+8mad,0.6,52.8,0.0273,1104
Order_654,guarded_otsu->bg+8mad,0.35,52.8,0.0273,1108
Order_654,guarded_otsu->bg+8mad,0.25,52.8,0.0273,1109
Order_654,guarded_otsu->bg+8mad,0.2,52.8,0.0273,1109
Order_654,guarded_otsu->bg+8mad,0.15,52.8,0.0273,1109
Order_643,otsu,0.6,48.3,0.0262,1263
Order_643,otsu,0.35,48.3,0.0262,1269
Order_643,otsu,0.25,48.3,0.0262,1271
Order_643,otsu,0.2,48.3,0.0262,1271
Order_643,otsu,0.15,48.3,0.0262,1271
Order_643,triangle,0.6,27.1,0.0303,1188
Order_643,triangle,0.35,27.1,0.0303,1189
Order_643,triangle,0.25,27.1,0.0303,1189
Order_643,triangle,0.2,27.1,0.0303,1189
Order_643,triangle,0.15,27.1,0.0303,1192
Order_643,yen,0.6,26.3,0.0307,1185
Order_643,yen,0.35,26.3,0.0307,1186
Order_643,yen,0.25,26.3,0.0307,1186
Order_643,yen,0.2,26.3,0.0307,1187
Order_643,yen,0.15,26.3,0.0307,1190
Order_643,fixed_62,0.6,62.0,0.0222,1268
Order_643,fixed_62,0.35,62.0,0.0222,1277
Order_643,fixed_62,0.25,62.0,0.0222,1281
Order_643,fixed_62,0.2,62.0,0.0222,1284
Order_643,fixed_62,0.15,62.0,0.0222,1285
Order_643,bg+6mad,0.6,36.8,0.0285,1234
Order_643,bg+6mad,0.35,36.8,0.0285,1238
Order_643,bg+6mad,0.25,36.8,0.0285,1238
Order_643,bg+6mad,0.2,36.8,0.0285,1238
Order_643,bg+6mad,0.15,36.8,0.0285,1238
Order_643,bg+8mad,0.6,42.7,0.0274,1246
Order_643,bg+8mad,0.35,42.7,0.0274,1252
Order_643,bg+8mad,0.25,42.7,0.0274,1253
Order_643,bg+8mad,0.2,42.7,0.0274,1253
Order_643,bg+8mad,0.15,42.7,0.0274,1253
Order_643,guarded_otsu->fixed_62,0.6,48.3,0.0262,1263
Order_643,guarded_otsu->fixed_62,0.35,48.3,0.0262,1269
Order_643,guarded_otsu->fixed_62,0.25,48.3,0.0262,1271
Order_643,guarded_otsu->fixed_62,0.2,48.3,0.0262,1271
Order_643,guarded_otsu->fixed_62,0.15,48.3,0.0262,1271
Order_643,guarded_otsu->bg+8mad,0.6,48.3,0.0262,1263
Order_643,guarded_otsu->bg+8mad,0.35,48.3,0.0262,1269
Order_643,guarded_otsu->bg+8mad,0.25,48.3,0.0262,1271
Order_643,guarded_otsu->bg+8mad,0.2,48.3,0.0262,1271
Order_643,guarded_otsu->bg+8mad,0.15,48.3,0.0262,1271
Order_402,otsu,0.6,49.3,0.0245,912
Order_402,otsu,0.35,49.3,0.0245,913
Order_402,otsu,0.25,49.3,0.0245,913
Order_402,otsu,0.2,49.3,0.0245,913
Order_402,otsu,0.15,49.3,0.0245,913
Order_402,triangle,0.6,27.0,0.0286,803
Order_402,triangle,0.35,27.0,0.0286,805
Order_402,triangle,0.25,27.0,0.0286,806
Order_402,triangle,0.2,27.0,0.0286,808
Order_402,triangle,0.15,27.0,0.0286,812
Order_402,yen,0.6,27.5,0.0283,814
Order_402,yen,0.35,27.5,0.0283,816
Order_402,yen,0.25,27.5,0.0283,816
Order_402,yen,0.2,27.5,0.0283,819
Order_402,yen,0.15,27.5,0.0283,820
Order_402,fixed_62,0.6,62.0,0.0211,934
Order_402,fixed_62,0.35,62.0,0.0211,936
Order_402,fixed_62,0.25,62.0,0.0211,936
Order_402,fixed_62,0.2,62.0,0.0211,937
Order_402,fixed_62,0.15,62.0,0.0211,937
Order_402,bg+6mad,0.6,37.8,0.0265,861
Order_402,bg+6mad,0.35,37.8,0.0265,862
Order_402,bg+6mad,0.25,37.8,0.0265,863
Order_402,bg+6mad,0.2,37.8,0.0265,863
Order_402,bg+6mad,0.15,37.8,0.0265,863
Order_402,bg+8mad,0.6,43.7,0.0255,888
Order_402,bg+8mad,0.35,43.7,0.0255,889
Order_402,bg+8mad,0.25,43.7,0.0255,889
Order_402,bg+8mad,0.2,43.7,0.0255,889
Order_402,bg+8mad,0.15,43.7,0.0255,889
Order_402,guarded_otsu->fixed_62,0.6,49.3,0.0245,912
Order_402,guarded_otsu->fixed_62,0.35,49.3,0.0245,913
Order_402,guarded_otsu->fixed_62,0.25,49.3,0.0245,913
Order_402,guarded_otsu->fixed_62,0.2,49.3,0.0245,913
Order_402,guarded_otsu->fixed_62,0.15,49.3,0.0245,913
Order_402,guarded_otsu->bg+8mad,0.6,49.3,0.0245,912
Order_402,guarded_otsu->bg+8mad,0.35,49.3,0.0245,913
Order_402,guarded_otsu->bg+8mad,0.25,49.3,0.0245,913
Order_402,guarded_otsu->bg+8mad,0.2,49.3,0.0245,913
Order_402,guarded_otsu->bg+8mad,0.15,49.3,0.0245,913
Order_7,otsu,0.6,48.5,0.0233,1036
Order_7,otsu,0.35,48.5,0.0233,1038
Order_7,otsu,0.25,48.5,0.0233,1040
Order_7,otsu,0.2,48.5,0.0233,1040
Order_7,otsu,0.15,48.5,0.0233,1042
Order_7,triangle,0.6,24.3,0.0275,993
Order_7,triangle,0.35,24.3,0.0275,994
Order_7,triangle,0.25,24.3,0.0275,994
Order_7,triangle,0.2,24.3,0.0275,995
Order_7,triangle,0.15,24.3,0.0275,1000
Order_7,yen,0.6,24.8,0.0272,999
Order_7,yen,0.35,24.8,0.0272,1000
Order_7,yen,0.25,24.8,0.0272,1000
Order_7,yen,0.2,24.8,0.0272,1001
Order_7,yen,0.15,24.8,0.0272,1005
Order_7,fixed_62,0.6,62.0,0.0201,1044
Order_7,fixed_62,0.35,62.0,0.0201,1045
Order_7,fixed_62,0.25,62.0,0.0201,1046
Order_7,fixed_62,0.2,62.0,0.0201,1046
Order_7,fixed_62,0.15,62.0,0.0201,1046
Order_7,bg+6mad,0.6,35.5,0.0254,1013
Order_7,bg+6mad,0.35,35.5,0.0254,1016
Order_7,bg+6mad,0.25,35.5,0.0254,1016
Order_7,bg+6mad,0.2,35.5,0.0254,1016
Order_7,bg+6mad,0.15,35.5,0.0254,1017
Order_7,bg+8mad,0.6,41.4,0.0245,1027
Order_7,bg+8mad,0.35,41.4,0.0245,1030
Order_7,bg+8mad,0.25,41.4,0.0245,1030
Order_7,bg+8mad,0.2,41.4,0.0245,1030
Order_7,bg+8mad,0.15,41.4,0.0245,1031
Order_7,guarded_otsu->fixed_62,0.6,48.5,0.0233,1036
Order_7,guarded_otsu->fixed_62,0.35,48.5,0.0233,1038
Order_7,guarded_otsu->fixed_62,0.25,48.5,0.0233,1040
Order_7,guarded_otsu->fixed_62,0.2,48.5,0.0233,1040
Order_7,guarded_otsu->fixed_62,0.15,48.5,0.0233,1042
Order_7,guarded_otsu->bg+8mad,0.6,48.5,0.0233,1036
Order_7,guarded_otsu->bg+8mad,0.35,48.5,0.0233,1038
Order_7,guarded_otsu->bg+8mad,0.25,48.5,0.0233,1040
Order_7,guarded_otsu->bg+8mad,0.2,48.5,0.0233,1040
Order_7,guarded_otsu->bg+8mad,0.15,48.5,0.0233,1042
Order_385,otsu,0.6,48.2,0.0294,1551
Order_385,otsu,0.35,48.2,0.0294,1556
Order_385,otsu,0.25,48.2,0.0294,1556
Order_385,otsu,0.2,48.2,0.0294,1556
Order_385,otsu,0.15,48.2,0.0294,1556
Order_385,triangle,0.6,25.3,0.0345,1435
Order_385,triangle,0.35,25.3,0.0345,1436
Order_385,triangle,0.25,25.3,0.0345,1439
Order_385,triangle,0.2,25.3,0.0345,1440
Order_385,triangle,0.15,25.3,0.0345,1442
Order_385,yen,0.6,25.8,0.0342,1444
Order_385,yen,0.35,25.8,0.0342,1445
Order_385,yen,0.25,25.8,0.0342,1447
Order_385,yen,0.2,25.8,0.0342,1447
Order_385,yen,0.15,25.8,0.0342,1451
Order_385,fixed_62,0.6,62.0,0.0251,1600
Order_385,fixed_62,0.35,62.0,0.0251,1606
Order_385,fixed_62,0.25,62.0,0.0251,1607
Order_385,fixed_62,0.2,62.0,0.0251,1607
Order_385,fixed_62,0.15,62.0,0.0251,1607
Order_385,bg+6mad,0.6,36.5,0.0318,1499
Order_385,bg+6mad,0.35,36.5,0.0318,1502
Order_385,bg+6mad,0.25,36.5,0.0318,1502
Order_385,bg+6mad,0.2,36.5,0.0318,1503
Order_385,bg+6mad,0.15,36.5,0.0318,1503
Order_385,bg+8mad,0.6,42.4,0.0307,1518
Order_385,bg+8mad,0.35,42.4,0.0307,1521
Order_385,bg+8mad,0.25,42.4,0.0307,1521
Order_385,bg+8mad,0.2,42.4,0.0307,1521
Order_385,bg+8mad,0.15,42.4,0.0307,1522
Order_385,guarded_otsu->fixed_62,0.6,48.2,0.0294,1551
Order_385,guarded_otsu->fixed_62,0.35,48.2,0.0294,1556
Order_385,guarded_otsu->fixed_62,0.25,48.2,0.0294,1556
Order_385,guarded_otsu->fixed_62,0.2,48.2,0.0294,1556
Order_385,guarded_otsu->fixed_62,0.15,48.2,0.0294,1556
Order_385,guarded_otsu->bg+8mad,0.6,48.2,0.0294,1551
Order_385,guarded_otsu->bg+8mad,0.35,48.2,0.0294,1556
Order_385,guarded_otsu->bg+8mad,0.25,48.2,0.0294,1556
Order_385,guarded_otsu->bg+8mad,0.2,48.2,0.0294,1556
Order_385,guarded_otsu->bg+8mad,0.15,48.2,0.0294,1556
Order_310,otsu,0.6,49.2,0.0263,1381
Order_310,otsu,0.35,49.2,0.0263,1386
Order_310,otsu,0.25,49.2,0.0263,1387
Order_310,otsu,0.2,49.2,0.0263,1387
Order_310,otsu,0.15,49.2,0.0263,1389
Order_310,triangle,0.6,27.8,0.0304,1335
Order_310,triangle,0.35,27.8,0.0304,1337
Order_310,triangle,0.25,27.8,0.0304,1338
Order_310,triangle,0.2,27.8,0.0304,1343
Order_310,triangle,0.15,27.8,0.0304,1346
Order_310,yen,0.6,27.2,0.0306,1330
Order_310,yen,0.35,27.2,0.0306,1332
Order_310,yen,0.25,27.2,0.0306,1333
Order_310,yen,0.2,27.2,0.0306,1338
Order_310,yen,0.15,27.2,0.0306,1342
Order_310,fixed_62,0.6,62.0,0.0226,1379
Order_310,fixed_62,0.35,62.0,0.0226,1391
Order_310,fixed_62,0.25,62.0,0.0226,1392
Order_310,fixed_62,0.2,62.0,0.0226,1397
Order_310,fixed_62,0.15,62.0,0.0226,1398
Order_310,bg+6mad,0.6,37.8,0.0284,1361
Order_310,bg+6mad,0.35,37.8,0.0284,1362
Order_310,bg+6mad,0.25,37.8,0.0284,1363
Order_310,bg+6mad,0.2,37.8,0.0284,1365
Order_310,bg+6mad,0.15,37.8,0.0284,1365
Order_310,bg+8mad,0.6,43.7,0.0274,1374
Order_310,bg+8mad,0.35,43.7,0.0274,1379
Order_310,bg+8mad,0.25,43.7,0.0274,1380
Order_310,bg+8mad,0.2,43.7,0.0274,1380
Order_310,bg+8mad,0.15,43.7,0.0274,1382
Order_310,guarded_otsu->fixed_62,0.6,49.2,0.0263,1381
Order_310,guarded_otsu->fixed_62,0.35,49.2,0.0263,1386
Order_310,guarded_otsu->fixed_62,0.25,49.2,0.0263,1387
Order_310,guarded_otsu->fixed_62,0.2,49.2,0.0263,1387
Order_310,guarded_otsu->fixed_62,0.15,49.2,0.0263,1389
Order_310,guarded_otsu->bg+8mad,0.6,49.2,0.0263,1381
Order_310,guarded_otsu->bg+8mad,0.35,49.2,0.0263,1386
Order_310,guarded_otsu->bg+8mad,0.25,49.2,0.0263,1387
Order_310,guarded_otsu->bg+8mad,0.2,49.2,0.0263,1387
Order_310,guarded_otsu->bg+8mad,0.15,49.2,0.0263,1389
Order_651,otsu,0.6,53.7,0.0275,1021
Order_651,otsu,0.35,53.7,0.0275,1022
Order_651,otsu,0.25,53.7,0.0275,1022
Order_651,otsu,0.2,53.7,0.0275,1022
Order_651,otsu,0.15,53.7,0.0275,1022
Order_651,triangle,0.6,26.7,0.0323,950
Order_651,triangle,0.35,26.7,0.0323,951
Order_651,triangle,0.25,26.7,0.0323,952
Order_651,triangle,0.2,26.7,0.0323,952
Order_651,triangle,0.15,26.7,0.0323,953
Order_651,yen,0.6,26.1,0.0326,944
Order_651,yen,0.35,26.1,0.0326,945
Order_651,yen,0.25,26.1,0.0326,946
Order_651,yen,0.2,26.1,0.0326,946
Order_651,yen,0.15,26.1,0.0326,948
Order_651,fixed_62,0.6,62.0,0.0256,1033
Order_651,fixed_62,0.35,62.0,0.0256,1034
Order_651,fixed_62,0.25,62.0,0.0256,1035
Order_651,fixed_62,0.2,62.0,0.0256,1035
Order_651,fixed_62,0.15,62.0,0.0256,1035
Order_651,bg+6mad,0.6,34.5,0.0308,986
Order_651,bg+6mad,0.35,34.5,0.0308,986
Order_651,bg+6mad,0.25,34.5,0.0308,987
Order_651,bg+6mad,0.2,34.5,0.0308,987
Order_651,bg+6mad,0.15,34.5,0.0308,988
Order_651,bg+8mad,0.6,39.4,0.03,991
Order_651,bg+8mad,0.35,39.4,0.03,992
Order_651,bg+8mad,0.25,39.4,0.03,992
Order_651,bg+8mad,0.2,39.4,0.03,993
Order_651,bg+8mad,0.15,39.4,0.03,993
Order_651,guarded_otsu->fixed_62,0.6,53.7,0.0275,1021
Order_651,guarded_otsu->fixed_62,0.35,53.7,0.0275,1022
Order_651,guarded_otsu->fixed_62,0.25,53.7,0.0275,1022
Order_651,guarded_otsu->fixed_62,0.2,53.7,0.0275,1022
Order_651,guarded_otsu->fixed_62,0.15,53.7,0.0275,1022
Order_651,guarded_otsu->bg+8mad,0.6,53.7,0.0275,1021
Order_651,guarded_otsu->bg+8mad,0.35,53.7,0.0275,1022
Order_651,guarded_otsu->bg+8mad,0.25,53.7,0.0275,1022
Order_651,guarded_otsu->bg+8mad,0.2,53.7,0.0275,1022
Order_651,guarded_otsu->bg+8mad,0.15,53.7,0.0275,1022
Order_389,otsu,0.6,52.5,0.0232,816
Order_389,otsu,0.35,52.5,0.0232,817
Order_389,otsu,0.25,52.5,0.0232,817
Order_389,otsu,0.2,52.5,0.0232,818
Order_389,otsu,0.15,52.5,0.0232,818
Order_389,triangle,0.6,26.7,0.027,758
Order_389,triangle,0.35,26.7,0.027,758
Order_389,triangle,0.25,26.7,0.027,758
Order_389,triangle,0.2,26.7,0.027,758
Order_389,triangle,0.15,26.7,0.027,762
Order_389,yen,0.6,27.9,0.0268,765
Order_389,yen,0.35,27.9,0.0268,765
Order_389,yen,0.25,27.9,0.0268,765
Order_389,yen,0.2,27.9,0.0268,765
Order_389,yen,0.15,27.9,0.0268,767
Order_389,fixed_62,0.6,62.0,0.0213,826
Order_389,fixed_62,0.35,62.0,0.0213,827
Order_389,fixed_62,0.25,62.0,0.0213,827
Order_389,fixed_62,0.2,62.0,0.0213,827
Order_389,fixed_62,0.15,62.0,0.0213,827
Order_389,bg+6mad,0.6,36.5,0.0255,788
Order_389,bg+6mad,0.35,36.5,0.0255,788
Order_389,bg+6mad,0.25,36.5,0.0255,788
Order_389,bg+6mad,0.2,36.5,0.0255,788
Order_389,bg+6mad,0.15,36.5,0.0255,788
Order_389,bg+8mad,0.6,42.4,0.0247,797
Order_389,bg+8mad,0.35,42.4,0.0247,797
Order_389,bg+8mad,0.25,42.4,0.0247,797
Order_389,bg+8mad,0.2,42.4,0.0247,797
Order_389,bg+8mad,0.15,42.4,0.0247,797
Order_389,guarded_otsu->fixed_62,0.6,52.5,0.0232,816
Order_389,guarded_otsu->fixed_62,0.35,52.5,0.0232,817
Order_389,guarded_otsu->fixed_62,0.25,52.5,0.0232,817
Order_389,guarded_otsu->fixed_62,0.2,52.5,0.0232,818
Order_389,guarded_otsu->fixed_62,0.15,52.5,0.0232,818
Order_389,guarded_otsu->bg+8mad,0.6,52.5,0.0232,816
Order_389,guarded_otsu->bg+8mad,0.35,52.5,0.0232,817
Order_389,guarded_otsu->bg+8mad,0.25,52.5,0.0232,817
Order_389,guarded_otsu->bg+8mad,0.2,52.5,0.0232,818
Order_389,guarded_otsu->bg+8mad,0.15,52.5,0.0232,818
Order_313,otsu,0.6,48.2,0.0246,1190
Order_313,otsu,0.35,48.2,0.0246,1193
Order_313,otsu,0.25,48.2,0.0246,1194
Order_313,otsu,0.2,48.2,0.0246,1194
Order_313,otsu,0.15,48.2,0.0246,1194
Order_313,triangle,0.6,27.0,0.0284,1131
Order_313,triangle,0.35,27.0,0.0284,1132
Order_313,triangle,0.25,27.0,0.0284,1133
Order_313,triangle,0.2,27.0,0.0284,1134
Order_313,triangle,0.15,27.0,0.0284,1135
Order_313,yen,0.6,26.4,0.0286,1125
Order_313,yen,0.35,26.4,0.0286,1126
Order_313,yen,0.25,26.4,0.0286,1127
Order_313,yen,0.2,26.4,0.0286,1128
Order_313,yen,0.15,26.4,0.0286,1129
Order_313,fixed_62,0.6,62.0,0.0208,1200
Order_313,fixed_62,0.35,62.0,0.0208,1204
Order_313,fixed_62,0.25,62.0,0.0208,1205
Order_313,fixed_62,0.2,62.0,0.0208,1205
Order_313,fixed_62,0.15,62.0,0.0208,1205
Order_313,bg+6mad,0.6,36.5,0.0267,1168
Order_313,bg+6mad,0.35,36.5,0.0267,1170
Order_313,bg+6mad,0.25,36.5,0.0267,1170
Order_313,bg+6mad,0.2,36.5,0.0267,1172
Order_313,bg+6mad,0.15,36.5,0.0267,1172
Order_313,bg+8mad,0.6,42.4,0.0257,1175
Order_313,bg+8mad,0.35,42.4,0.0257,1177
Order_313,bg+8mad,0.25,42.4,0.0257,1178
Order_313,bg+8mad,0.2,42.4,0.0257,1178
Order_313,bg+8mad,0.15,42.4,0.0257,1180
Order_313,guarded_otsu->fixed_62,0.6,48.2,0.0246,1190
Order_313,guarded_otsu->fixed_62,0.35,48.2,0.0246,1193
Order_313,guarded_otsu->fixed_62,0.25,48.2,0.0246,1194
Order_313,guarded_otsu->fixed_62,0.2,48.2,0.0246,1194
Order_313,guarded_otsu->fixed_62,0.15,48.2,0.0246,1194
Order_313,guarded_otsu->bg+8mad,0.6,48.2,0.0246,1190
Order_313,guarded_otsu->bg+8mad,0.35,48.2,0.0246,1193
Order_313,guarded_otsu->bg+8mad,0.25,48.2,0.0246,1194
Order_313,guarded_otsu->bg+8mad,0.2,48.2,0.0246,1194
Order_313,guarded_otsu->bg+8mad,0.15,48.2,0.0246,1194
Order_4,otsu,0.6,46.8,0.0234,1019
Order_4,otsu,0.35,46.8,0.0234,1023
Order_4,otsu,0.25,46.8,0.0234,1025
Order_4,otsu,0.2,46.8,0.0234,1026
Order_4,otsu,0.15,46.8,0.0234,1028
Order_4,triangle,0.6,26.5,0.0273,977
Order_4,triangle,0.35,26.5,0.0273,980
Order_4,triangle,0.25,26.5,0.0273,984
Order_4,triangle,0.2,26.5,0.0273,985
Order_4,triangle,0.15,26.5,0.0273,989
Order_4,yen,0.6,26.5,0.0273,977
Order_4,yen,0.35,26.5,0.0273,980
Order_4,yen,0.25,26.5,0.0273,984
Order_4,yen,0.2,26.5,0.0273,985
Order_4,yen,0.15,26.5,0.0273,989
Order_4,fixed_62,0.6,62.0,0.0189,1022
Order_4,fixed_62,0.35,62.0,0.0189,1034
Order_4,fixed_62,0.25,62.0,0.0189,1038
Order_4,fixed_62,0.2,62.0,0.0189,1039
Order_4,fixed_62,0.15,62.0,0.0189,1039
Order_4,bg+6mad,0.6,37.1,0.0252,996
Order_4,bg+6mad,0.35,37.1,0.0252,999
Order_4,bg+6mad,0.25,37.1,0.0252,1000
Order_4,bg+6mad,0.2,37.1,0.0252,1002
Order_4,bg+6mad,0.15,37.1,0.0252,1002
Order_4,bg+8mad,0.6,43.1,0.0241,1010
Order_4,bg+8mad,0.35,43.1,0.0241,1012
Order_4,bg+8mad,0.25,43.1,0.0241,1015
Order_4,bg+8mad,0.2,43.1,0.0241,1016
Order_4,bg+8mad,0.15,43.1,0.0241,1017
Order_4,guarded_otsu->fixed_62,0.6,46.8,0.0234,1019
Order_4,guarded_otsu->fixed_62,0.35,46.8,0.0234,1023
Order_4,guarded_otsu->fixed_62,0.25,46.8,0.0234,1025
Order_4,guarded_otsu->fixed_62,0.2,46.8,0.0234,1026
Order_4,guarded_otsu->fixed_62,0.15,46.8,0.0234,1028
Order_4,guarded_otsu->bg+8mad,0.6,46.8,0.0234,1019
Order_4,guarded_otsu->bg+8mad,0.35,46.8,0.0234,1023
Order_4,guarded_otsu->bg+8mad,0.25,46.8,0.0234,1025
Order_4,guarded_otsu->bg+8mad,0.2,46.8,0.0234,1026
Order_4,guarded_otsu->bg+8mad,0.15,46.8,0.0234,1028
Order_659,otsu,0.6,51.7,0.0264,990
Order_659,otsu,0.35,51.7,0.0264,993
Order_659,otsu,0.25,51.7,0.0264,995
Order_659,otsu,0.2,51.7,0.0264,996
Order_659,otsu,0.15,51.7,0.0264,997
Order_659,triangle,0.6,27.0,0.0309,910
Order_659,triangle,0.35,27.0,0.0309,915
Order_659,triangle,0.25,27.0,0.0309,917
Order_659,triangle,0.2,27.0,0.0309,919
Order_659,triangle,0.15,27.0,0.0309,921
Order_659,yen,0.6,26.4,0.031,908
Order_659,yen,0.35,26.4,0.031,913
Order_659,yen,0.25,26.4,0.031,915
Order_659,yen,0.2,26.4,0.031,917
Order_659,yen,0.15,26.4,0.031,920
Order_659,fixed_62,0.6,62.0,0.0238,1014
Order_659,fixed_62,0.35,62.0,0.0238,1017
Order_659,fixed_62,0.25,62.0,0.0238,1017
Order_659,fixed_62,0.2,62.0,0.0238,1021
Order_659,fixed_62,0.15,62.0,0.0238,1021
Order_659,bg+6mad,0.6,34.5,0.0293,951
Order_659,bg+6mad,0.35,34.5,0.0293,956
Order_659,bg+6mad,0.25,34.5,0.0293,958
Order_659,bg+6mad,0.2,34.5,0.0293,960
Order_659,bg+6mad,0.15,34.5,0.0293,962
Order_659,bg+8mad,0.6,39.4,0.0286,960
Order_659,bg+8mad,0.35,39.4,0.0286,964
Order_659,bg+8mad,0.25,39.4,0.0286,965
Order_659,bg+8mad,0.2,39.4,0.0286,967
Order_659,bg+8mad,0.15,39.4,0.0286,968
Order_659,guarded_otsu->fixed_62,0.6,51.7,0.0264,990
Order_659,guarded_otsu->fixed_62,0.35,51.7,0.0264,993
Order_659,guarded_otsu->fixed_62,0.25,51.7,0.0264,995
Order_659,guarded_otsu->fixed_62,0.2,51.7,0.0264,996
Order_659,guarded_otsu->fixed_62,0.15,51.7,0.0264,997
Order_659,guarded_otsu->bg+8mad,0.6,51.7,0.0264,990
Order_659,guarded_otsu->bg+8mad,0.35,51.7,0.0264,993
Order_659,guarded_otsu->bg+8mad,0.25,51.7,0.0264,995
Order_659,guarded_otsu->bg+8mad,0.2,51.7,0.0264,996
Order_659,guarded_otsu->bg+8mad,0.15,51.7,0.0264,997
Order_764,otsu,0.6,49.7,0.0251,1328
Order_764,otsu,0.35,49.7,0.0251,1331
Order_764,otsu,0.25,49.7,0.0251,1332
Order_764,otsu,0.2,49.7,0.0251,1333
Order_764,otsu,0.15,49.7,0.0251,1333
Order_764,triangle,0.6,26.5,0.0293,1255
Order_764,triangle,0.35,26.5,0.0293,1259
Order_764,triangle,0.25,26.5,0.0293,1261
Order_764,triangle,0.2,26.5,0.0293,1261
Order_764,triangle,0.15,26.5,0.0293,1262
Order_764,yen,0.6,26.5,0.0293,1255
Order_764,yen,0.35,26.5,0.0293,1259
Order_764,yen,0.25,26.5,0.0293,1261
Order_764,yen,0.2,26.5,0.0293,1261
Order_764,yen,0.15,26.5,0.0293,1262
Order_764,fixed_62,0.6,62.0,0.0218,1332
Order_764,fixed_62,0.35,62.0,0.0218,1335
Order_764,fixed_62,0.25,62.0,0.0218,1337
Order_764,fixed_62,0.2,62.0,0.0218,1338
Order_764,fixed_62,0.15,62.0,0.0218,1338
Order_764,bg+6mad,0.6,34.5,0.0276,1295
Order_764,bg+6mad,0.35,34.5,0.0276,1298
Order_764,bg+6mad,0.25,34.5,0.0276,1300
Order_764,bg+6mad,0.2,34.5,0.0276,1300
Order_764,bg+6mad,0.15,34.5,0.0276,1301
Order_764,bg+8mad,0.6,39.4,0.0269,1311
Order_764,bg+8mad,0.35,39.4,0.0269,1314
Order_764,bg+8mad,0.25,39.4,0.0269,1314
Order_764,bg+8mad,0.2,39.4,0.0269,1316
Order_764,bg+8mad,0.15,39.4,0.0269,1317
Order_764,guarded_otsu->fixed_62,0.6,49.7,0.0251,1328
Order_764,guarded_otsu->fixed_62,0.35,49.7,0.0251,1331
Order_764,guarded_otsu->fixed_62,0.25,49.7,0.0251,1332
Order_764,guarded_otsu->fixed_62,0.2,49.7,0.0251,1333
Order_764,guarded_otsu->fixed_62,0.15,49.7,0.0251,1333
Order_764,guarded_otsu->bg+8mad,0.6,49.7,0.0251,1328
Order_764,guarded_otsu->bg+8mad,0.35,49.7,0.0251,1331
Order_764,guarded_otsu->bg+8mad,0.25,49.7,0.0251,1332
Order_764,guarded_otsu->bg+8mad,0.2,49.7,0.0251,1333
Order_764,guarded_otsu->bg+8mad,0.15,49.7,0.0251,1333
Order_452,otsu,0.6,52.5,0.0249,976
Order_452,otsu,0.35,52.5,0.0249,976
Order_452,otsu,0.25,52.5,0.0249,977
Order_452,otsu,0.2,52.5,0.0249,977
Order_452,otsu,0.15,52.5,0.0249,978
Order_452,triangle,0.6,27.0,0.0289,928
Order_452,triangle,0.35,27.0,0.0289,929
Order_452,triangle,0.25,27.0,0.0289,929
Order_452,triangle,0.2,27.0,0.0289,930
Order_452,triangle,0.15,27.0,0.0289,932
Order_452,yen,0.6,26.4,0.029,921
Order_452,yen,0.35,26.4,0.029,922
Order_452,yen,0.25,26.4,0.029,922
Order_452,yen,0.2,26.4,0.029,923
Order_452,yen,0.15,26.4,0.029,926
Order_452,fixed_62,0.6,62.0,0.0229,998
Order_452,fixed_62,0.35,62.0,0.0229,998
Order_452,fixed_62,0.25,62.0,0.0229,999
Order_452,fixed_62,0.2,62.0,0.0229,999
Order_452,fixed_62,0.15,62.0,0.0229,999
Order_452,bg+6mad,0.6,36.8,0.0272,951
Order_452,bg+6mad,0.35,36.8,0.0272,953
Order_452,bg+6mad,0.25,36.8,0.0272,953
Order_452,bg+6mad,0.2,36.8,0.0272,953
Order_452,bg+6mad,0.15,36.8,0.0272,953
Order_452,bg+8mad,0.6,42.7,0.0264,962
Order_452,bg+8mad,0.35,42.7,0.0264,963
Order_452,bg+8mad,0.25,42.7,0.0264,964
Order_452,bg+8mad,0.2,42.7,0.0264,964
Order_452,bg+8mad,0.15,42.7,0.0264,964
Order_452,guarded_otsu->fixed_62,0.6,52.5,0.0249,976
Order_452,guarded_otsu->fixed_62,0.35,52.5,0.0249,976
Order_452,guarded_otsu->fixed_62,0.25,52.5,0.0249,977
Order_452,guarded_otsu->fixed_62,0.2,52.5,0.0249,977
Order_452,guarded_otsu->fixed_62,0.15,52.5,0.0249,978
Order_452,guarded_otsu->bg+8mad,0.6,52.5,0.0249,976
Order_452,guarded_otsu->bg+8mad,0.35,52.5,0.0249,976
Order_452,guarded_otsu->bg+8mad,0.25,52.5,0.0249,977
Order_452,guarded_otsu->bg+8mad,0.2,52.5,0.0249,977
Order_452,guarded_otsu->bg+8mad,0.15,52.5,0.0249,978
Order_60,otsu,0.6,46.1,0.0205,1001
Order_60,otsu,0.35,46.1,0.0205,1009
Order_60,otsu,0.25,46.1,0.0205,1014
Order_60,otsu,0.2,46.1,0.0205,1016
Order_60,otsu,0.15,46.1,0.0205,1024
Order_60,triangle,0.6,25.3,0.0239,943
Order_60,triangle,0.35,25.3,0.0239,959
Order_60,triangle,0.25,25.3,0.0239,962
Order_60,triangle,0.2,25.3,0.0239,970
Order_60,triangle,0.15,25.3,0.0239,977
Order_60,yen,0.6,25.9,0.0238,946
Order_60,yen,0.35,25.9,0.0238,963
Order_60,yen,0.25,25.9,0.0238,966
Order_60,yen,0.2,25.9,0.0238,974
Order_60,yen,0.15,25.9,0.0238,980
Order_60,fixed_62,0.6,62.0,0.0164,985
Order_60,fixed_62,0.35,62.0,0.0164,1014
Order_60,fixed_62,0.25,62.0,0.0164,1022
Order_60,fixed_62,0.2,62.0,0.0164,1023
Order_60,fixed_62,0.15,62.0,0.0164,1029
Order_60,bg+6mad,0.6,36.5,0.022,974
Order_60,bg+6mad,0.35,36.5,0.022,986
Order_60,bg+6mad,0.25,36.5,0.022,991
Order_60,bg+6mad,0.2,36.5,0.022,996
Order_60,bg+6mad,0.15,36.5,0.022,1003
Order_60,bg+8mad,0.6,42.4,0.0211,991
Order_60,bg+8mad,0.35,42.4,0.0211,1001
Order_60,bg+8mad,0.25,42.4,0.0211,1007
Order_60,bg+8mad,0.2,42.4,0.0211,1009
Order_60,bg+8mad,0.15,42.4,0.0211,1014
Order_60,guarded_otsu->fixed_62,0.6,46.1,0.0205,1001
Order_60,guarded_otsu->fixed_62,0.35,46.1,0.0205,1009
Order_60,guarded_otsu->fixed_62,0.25,46.1,0.0205,1014
Order_60,guarded_otsu->fixed_62,0.2,46.1,0.0205,1016
Order_60,guarded_otsu->fixed_62,0.15,46.1,0.0205,1024
Order_60,guarded_otsu->bg+8mad,0.6,46.1,0.0205,1001
Order_60,guarded_otsu->bg+8mad,0.35,46.1,0.0205,1009
Order_60,guarded_otsu->bg+8mad,0.25,46.1,0.0205,1014
Order_60,guarded_otsu->bg+8mad,0.2,46.1,0.0205,1016
Order_60,guarded_otsu->bg+8mad,0.15,46.1,0.0205,1024
Order_105,otsu,0.6,48.2,0.0267,907
Order_105,otsu,0.35,48.2,0.0267,907
Order_105,otsu,0.25,48.2,0.0267,907
Order_105,otsu,0.2,48.2,0.0267,907
Order_105,otsu,0.15,48.2,0.0267,907
Order_105,triangle,0.6,25.4,0.0452,778
Order_105,triangle,0.35,25.4,0.0452,778
Order_105,triangle,0.25,25.4,0.0452,778
Order_105,triangle,0.2,25.4,0.0452,780
Order_105,triangle,0.15,25.4,0.0452,784
Order_105,yen,0.6,31.9,0.0299,851
Order_105,yen,0.35,31.9,0.0299,851
Order_105,yen,0.25,31.9,0.0299,851
Order_105,yen,0.2,31.9,0.0299,851
Order_105,yen,0.15,31.9,0.0299,853
Order_105,fixed_62,0.6,62.0,0.0228,919
Order_105,fixed_62,0.35,62.0,0.0228,920
Order_105,fixed_62,0.25,62.0,0.0228,920
Order_105,fixed_62,0.2,62.0,0.0228,920
Order_105,fixed_62,0.15,62.0,0.0228,920
Order_105,bg+6mad,0.6,36.1,0.0288,875
Order_105,bg+6mad,0.35,36.1,0.0288,875
Order_105,bg+6mad,0.25,36.1,0.0288,875
Order_105,bg+6mad,0.2,36.1,0.0288,875
Order_105,bg+6mad,0.15,36.1,0.0288,875
Order_105,bg+8mad,0.6,42.1,0.0278,891
Order_105,bg+8mad,0.35,42.1,0.0278,891
Order_105,bg+8mad,0.25,42.1,0.0278,891
Order_105,bg+8mad,0.2,42.1,0.0278,891
Order_105,bg+8mad,0.15,42.1,0.0278,891
Order_105,guarded_otsu->fixed_62,0.6,48.2,0.0267,907
Order_105,guarded_otsu->fixed_62,0.35,48.2,0.0267,907
Order_105,guarded_otsu->fixed_62,0.25,48.2,0.0267,907
Order_105,guarded_otsu->fixed_62,0.2,48.2,0.0267,907
Order_105,guarded_otsu->fixed_62,0.15,48.2,0.0267,907
Order_105,guarded_otsu->bg+8mad,0.6,48.2,0.0267,907
Order_105,guarded_otsu->bg+8mad,0.35,48.2,0.0267,907
Order_105,guarded_otsu->bg+8mad,0.25,48.2,0.0267,907
Order_105,guarded_otsu->bg+8mad,0.2,48.2,0.0267,907
Order_105,guarded_otsu->bg+8mad,0.15,48.2,0.0267,907
Order_73,otsu,0.6,47.8,0.0198,754
Order_73,otsu,0.35,47.8,0.0198,755
Order_73,otsu,0.25,47.8,0.0198,755
Order_73,otsu,0.2,47.8,0.0198,757
Order_73,otsu,0.15,47.8,0.0198,758
Order_73,triangle,0.6,27.6,0.0229,718
Order_73,triangle,0.35,27.6,0.0229,720
Order_73,triangle,0.25,27.6,0.0229,722
Order_73,triangle,0.2,27.6,0.0229,722
Order_73,triangle,0.15,27.6,0.0229,723
Order_73,yen,0.6,28.2,0.0228,723
Order_73,yen,0.35,28.2,0.0228,725
Order_73,yen,0.25,28.2,0.0228,727
Order_73,yen,0.2,28.2,0.0228,727
Order_73,yen,0.15,28.2,0.0228,728
Order_73,fixed_62,0.6,62.0,0.0165,761
Order_73,fixed_62,0.35,62.0,0.0165,764
Order_73,fixed_62,0.25,62.0,0.0165,764
Order_73,fixed_62,0.2,62.0,0.0165,765
Order_73,fixed_62,0.15,62.0,0.0165,766
Order_73,bg+6mad,0.6,37.8,0.0213,741
Order_73,bg+6mad,0.35,37.8,0.0213,741
Order_73,bg+6mad,0.25,37.8,0.0213,744
Order_73,bg+6mad,0.2,37.8,0.0213,744
Order_73,bg+6mad,0.15,37.8,0.0213,745
Order_73,bg+8mad,0.6,43.7,0.0205,750
Order_73,bg+8mad,0.35,43.7,0.0205,750
Order_73,bg+8mad,0.25,43.7,0.0205,750
Order_73,bg+8mad,0.2,43.7,0.0205,752
Order_73,bg+8mad,0.15,43.7,0.0205,753
Order_73,guarded_otsu->fixed_62,0.6,47.8,0.0198,754
Order_73,guarded_otsu->fixed_62,0.35,47.8,0.0198,755
Order_73,guarded_otsu->fixed_62,0.25,47.8,0.0198,755
Order_73,guarded_otsu->fixed_62,0.2,47.8,0.0198,757
Order_73,guarded_otsu->fixed_62,0.15,47.8,0.0198,758
Order_73,guarded_otsu->bg+8mad,0.6,47.8,0.0198,754
Order_73,guarded_otsu->bg+8mad,0.35,47.8,0.0198,755
Order_73,guarded_otsu->bg+8mad,0.25,47.8,0.0198,755
Order_73,guarded_otsu->bg+8mad,0.2,47.8,0.0198,757
Order_73,guarded_otsu->bg+8mad,0.15,47.8,0.0198,758
Order_598,otsu,0.6,49.5,0.0237,1054
Order_598,otsu,0.35,49.5,0.0237,1054
Order_598,otsu,0.25,49.5,0.0237,1054
Order_598,otsu,0.2,49.5,0.0237,1054
Order_598,otsu,0.15,49.5,0.0237,1054
Order_598,triangle,0.6,25.8,0.0394,841
Order_598,triangle,0.35,25.8,0.0394,841
Order_598,triangle,0.25,25.8,0.0394,841
Order_598,triangle,0.2,25.8,0.0394,843
Order_598,triangle,0.15,25.8,0.0394,849
Order_598,yen,0.6,31.7,0.0264,984
Order_598,yen,0.35,31.7,0.0264,984
Order_598,yen,0.25,31.7,0.0264,984
Order_598,yen,0.2,31.7,0.0264,984
Order_598,yen,0.15,31.7,0.0264,985
Order_598,fixed_62,0.6,62.0,0.021,1085
Order_598,fixed_62,0.35,62.0,0.021,1090
Order_598,fixed_62,0.25,62.0,0.021,1090
Order_598,fixed_62,0.2,62.0,0.021,1090
Order_598,fixed_62,0.15,62.0,0.021,1090
Order_598,bg+6mad,0.6,36.1,0.0255,1011
Order_598,bg+6mad,0.35,36.1,0.0255,1011
Order_598,bg+6mad,0.25,36.1,0.0255,1011
Order_598,bg+6mad,0.2,36.1,0.0255,1011
Order_598,bg+6mad,0.15,36.1,0.0255,1011
Order_598,bg+8mad,0.6,42.1,0.0248,1026
Order_598,bg+8mad,0.35,42.1,0.0248,1026
Order_598,bg+8mad,0.25,42.1,0.0248,1026
Order_598,bg+8mad,0.2,42.1,0.0248,1026
Order_598,bg+8mad,0.15,42.1,0.0248,1026
Order_598,guarded_otsu->fixed_62,0.6,49.5,0.0237,1054
Order_598,guarded_otsu->fixed_62,0.35,49.5,0.0237,1054
Order_598,guarded_otsu->fixed_62,0.25,49.5,0.0237,1054
Order_598,guarded_otsu->fixed_62,0.2,49.5,0.0237,1054
Order_598,guarded_otsu->fixed_62,0.15,49.5,0.0237,1054
Order_598,guarded_otsu->bg+8mad,0.6,49.5,0.0237,1054
Order_598,guarded_otsu->bg+8mad,0.35,49.5,0.0237,1054
Order_598,guarded_otsu->bg+8mad,0.25,49.5,0.0237,1054
Order_598,guarded_otsu->bg+8mad,0.2,49.5,0.0237,1054
Order_598,guarded_otsu->bg+8mad,0.15,49.5,0.0237,1054
Order_628,otsu,0.6,48.3,0.0212,815
Order_628,otsu,0.35,48.3,0.0212,815
Order_628,otsu,0.25,48.3,0.0212,816
Order_628,otsu,0.2,48.3,0.0212,816
Order_628,otsu,0.15,48.3,0.0212,817
Order_628,triangle,0.6,26.7,0.0246,755
Order_628,triangle,0.35,26.7,0.0246,756
Order_628,triangle,0.25,26.7,0.0246,758
Order_628,triangle,0.2,26.7,0.0246,759
Order_628,triangle,0.15,26.7,0.0246,761
Order_628,yen,0.6,26.1,0.0248,749
Order_628,yen,0.35,26.1,0.0248,750
Order_628,yen,0.25,26.1,0.0248,752
Order_628,yen,0.2,26.1,0.0248,753
Order_628,yen,0.15,26.1,0.0248,756
Order_628,fixed_62,0.6,62.0,0.0179,822
Order_628,fixed_62,0.35,62.0,0.0179,822
Order_628,fixed_62,0.25,62.0,0.0179,822
Order_628,fixed_62,0.2,62.0,0.0179,823
Order_628,fixed_62,0.15,62.0,0.0179,823
Order_628,bg+6mad,0.6,34.5,0.0233,791
Order_628,bg+6mad,0.35,34.5,0.0233,791
Order_628,bg+6mad,0.25,34.5,0.0233,793
Order_628,bg+6mad,0.2,34.5,0.0233,793
Order_628,bg+6mad,0.15,34.5,0.0233,795
Order_628,bg+8mad,0.6,39.4,0.0226,800
Order_628,bg+8mad,0.35,39.4,0.0226,800
Order_628,bg+8mad,0.25,39.4,0.0226,801
Order_628,bg+8mad,0.2,39.4,0.0226,802
Order_628,bg+8mad,0.15,39.4,0.0226,803
Order_628,guarded_otsu->fixed_62,0.6,48.3,0.0212,815
Order_628,guarded_otsu->fixed_62,0.35,48.3,0.0212,815
Order_628,guarded_otsu->fixed_62,0.25,48.3,0.0212,816
Order_628,guarded_otsu->fixed_62,0.2,48.3,0.0212,816
Order_628,guarded_otsu->fixed_62,0.15,48.3,0.0212,817
Order_628,guarded_otsu->bg+8mad,0.6,48.3,0.0212,815
Order_628,guarded_otsu->bg+8mad,0.35,48.3,0.0212,815
Order_628,guarded_otsu->bg+8mad,0.25,48.3,0.0212,816
Order_628,guarded_otsu->bg+8mad,0.2,48.3,0.0212,816
Order_628,guarded_otsu->bg+8mad,0.15,48.3,0.0212,817
Order_465,otsu,0.6,46.0,0.0259,965
Order_465,otsu,0.35,46.0,0.0259,965
Order_465,otsu,0.25,46.0,0.0259,965
Order_465,otsu,0.2,46.0,0.0259,965
Order_465,otsu,0.15,46.0,0.0259,966
Order_465,triangle,0.6,25.3,0.0323,879
Order_465,triangle,0.35,25.3,0.0323,879
Order_465,triangle,0.25,25.3,0.0323,882
Order_465,triangle,0.2,25.3,0.0323,885
Order_465,triangle,0.15,25.3,0.0323,886
Order_465,yen,0.6,26.4,0.0306,892
Order_465,yen,0.35,26.4,0.0306,893
Order_465,yen,0.25,26.4,0.0306,895
Order_465,yen,0.2,26.4,0.0306,895
Order_465,yen,0.15,26.4,0.0306,898
Order_465,fixed_62,0.6,62.0,0.0207,978
Order_465,fixed_62,0.35,62.0,0.0207,986
Order_465,fixed_62,0.25,62.0,0.0207,986
Order_465,fixed_62,0.2,62.0,0.0207,987
Order_465,fixed_62,0.15,62.0,0.0207,987
Order_465,bg+6mad,0.6,36.5,0.0278,939
Order_465,bg+6mad,0.35,36.5,0.0278,939
Order_465,bg+6mad,0.25,36.5,0.0278,939
Order_465,bg+6mad,0.2,36.5,0.0278,940
Order_465,bg+6mad,0.15,36.5,0.0278,940
Order_465,bg+8mad,0.6,42.4,0.0267,955
Order_465,bg+8mad,0.35,42.4,0.0267,955
Order_465,bg+8mad,0.25,42.4,0.0267,955
Order_465,bg+8mad,0.2,42.4,0.0267,955
Order_465,bg+8mad,0.15,42.4,0.0267,956
Order_465,guarded_otsu->fixed_62,0.6,46.0,0.0259,965
Order_465,guarded_otsu->fixed_62,0.35,46.0,0.0259,965
Order_465,guarded_otsu->fixed_62,0.25,46.0,0.0259,965
Order_465,guarded_otsu->fixed_62,0.2,46.0,0.0259,965
Order_465,guarded_otsu->fixed_62,0.15,46.0,0.0259,966
Order_465,guarded_otsu->bg+8mad,0.6,46.0,0.0259,965
Order_465,guarded_otsu->bg+8mad,0.35,46.0,0.0259,965
Order_465,guarded_otsu->bg+8mad,0.25,46.0,0.0259,965
Order_465,guarded_otsu->bg+8mad,0.2,46.0,0.0259,965
Order_465,guarded_otsu->bg+8mad,0.15,46.0,0.0259,966
Order_408,otsu,0.6,52.2,0.0239,1041
Order_408,otsu,0.35,52.2,0.0239,1042
Order_408,otsu,0.25,52.2,0.0239,1042
Order_408,otsu,0.2,52.2,0.0239,1042
Order_408,otsu,0.15,52.2,0.0239,1042
Order_408,triangle,0.6,26.7,0.0282,967
Order_408,triangle,0.35,26.7,0.0282,967
Order_408,triangle,0.25,26.7,0.0282,968
Order_408,triangle,0.2,26.7,0.0282,968
Order_408,triangle,0.15,26.7,0.0282,968
Order_408,yen,0.6,27.9,0.0279,974
Order_408,yen,0.35,27.9,0.0279,974
Order_408,yen,0.25,27.9,0.0279,974
Order_408,yen,0.2,27.9,0.0279,975
Order_408,yen,0.15,27.9,0.0279,975
Order_408,fixed_62,0.6,62.0,0.0218,1047
Order_408,fixed_62,0.35,62.0,0.0218,1057
Order_408,fixed_62,0.25,62.0,0.0218,1059
Order_408,fixed_62,0.2,62.0,0.0218,1060
Order_408,fixed_62,0.15,62.0,0.0218,1060
Order_408,bg+6mad,0.6,37.5,0.0262,1009
Order_408,bg+6mad,0.35,37.5,0.0262,1009
Order_408,bg+6mad,0.25,37.5,0.0262,1009
Order_408,bg+6mad,0.2,37.5,0.0262,1009
Order_408,bg+6mad,0.15,37.5,0.0262,1010
Order_408,bg+8mad,0.6,43.4,0.0253,1021
Order_408,bg+8mad,0.35,43.4,0.0253,1021
Order_408,bg+8mad,0.25,43.4,0.0253,1021
Order_408,bg+8mad,0.2,43.4,0.0253,1021
Order_408,bg+8mad,0.15,43.4,0.0253,1021
Order_408,guarded_otsu->fixed_62,0.6,52.2,0.0239,1041
Order_408,guarded_otsu->fixed_62,0.35,52.2,0.0239,1042
Order_408,guarded_otsu->fixed_62,0.25,52.2,0.0239,1042
Order_408,guarded_otsu->fixed_62,0.2,52.2,0.0239,1042
Order_408,guarded_otsu->fixed_62,0.15,52.2,0.0239,1042
Order_408,guarded_otsu->bg+8mad,0.6,52.2,0.0239,1041
Order_408,guarded_otsu->bg+8mad,0.35,52.2,0.0239,1042
Order_408,guarded_otsu->bg+8mad,0.25,52.2,0.0239,1042
Order_408,guarded_otsu->bg+8mad,0.2,52.2,0.0239,1042
Order_408,guarded_otsu->bg+8mad,0.15,52.2,0.0239,1042
Order_176,otsu,0.6,53.7,0.0273,1141
Order_176,otsu,0.35,53.7,0.0273,1141
Order_176,otsu,0.25,53.7,0.0273,1141
Order_176,otsu,0.2,53.7,0.0273,1141
Order_176,otsu,0.15,53.7,0.0273,1141
Order_176,triangle,0.6,25.3,0.0323,1066
Order_176,triangle,0.35,25.3,0.0323,1067
Order_176,triangle,0.25,25.3,0.0323,1068
Order_176,triangle,0.2,25.3,0.0323,1070
Order_176,triangle,0.15,25.3,0.0323,1073
Order_176,yen,0.6,26.0,0.032,1075
Order_176,yen,0.35,26.0,0.032,1076
Order_176,yen,0.25,26.0,0.032,1077
Order_176,yen,0.2,26.0,0.032,1079
Order_176,yen,0.15,26.0,0.032,1081
Order_176,fixed_62,0.6,62.0,0.0255,1151
Order_176,fixed_62,0.35,62.0,0.0255,1157
Order_176,fixed_62,0.25,62.0,0.0255,1157
Order_176,fixed_62,0.2,62.0,0.0255,1157
Order_176,fixed_62,0.15,62.0,0.0255,1157
Order_176,bg+6mad,0.6,33.8,0.0303,1109
Order_176,bg+6mad,0.35,33.8,0.0303,1109
Order_176,bg+6mad,0.25,33.8,0.0303,1110
Order_176,bg+6mad,0.2,33.8,0.0303,1111
Order_176,bg+6mad,0.15,33.8,0.0303,1113
Order_176,bg+8mad,0.6,38.8,0.0296,1116
Order_176,bg+8mad,0.35,38.8,0.0296,1116
Order_176,bg+8mad,0.25,38.8,0.0296,1116
Order_176,bg+8mad,0.2,38.8,0.0296,1117
Order_176,bg+8mad,0.15,38.8,0.0296,1119
Order_176,guarded_otsu->fixed_62,0.6,53.7,0.0273,1141
Order_176,guarded_otsu->fixed_62,0.35,53.7,0.0273,1141
Order_176,guarded_otsu->fixed_62,0.25,53.7,0.0273,1141
Order_176,guarded_otsu->fixed_62,0.2,53.7,0.0273,1141
Order_176,guarded_otsu->fixed_62,0.15,53.7,0.0273,1141
Order_176,guarded_otsu->bg+8mad,0.6,53.7,0.0273,1141
Order_176,guarded_otsu->bg+8mad,0.35,53.7,0.0273,1141
Order_176,guarded_otsu->bg+8mad,0.25,53.7,0.0273,1141
Order_176,guarded_otsu->bg+8mad,0.2,53.7,0.0273,1141
Order_176,guarded_otsu->bg+8mad,0.15,53.7,0.0273,1141
Order_447,otsu,0.6,47.6,0.026,1290
Order_447,otsu,0.35,47.6,0.026,1358
Order_447,otsu,0.25,47.6,0.026,1395
Order_447,otsu,0.2,47.6,0.026,1412
Order_447,otsu,0.15,47.6,0.026,1440
Order_447,triangle,0.6,27.3,0.0298,1282
Order_447,triangle,0.35,27.3,0.0298,1336
Order_447,triangle,0.25,27.3,0.0298,1366
Order_447,triangle,0.2,27.3,0.0298,1385
Order_447,triangle,0.15,27.3,0.0298,1403
Order_447,yen,0.6,28.0,0.0297,1282
Order_447,yen,0.35,28.0,0.0297,1336
Order_447,yen,0.25,28.0,0.0297,1366
Order_447,yen,0.2,28.0,0.0297,1385
Order_447,yen,0.15,28.0,0.0297,1403
Order_447,fixed_62,0.6,62.0,0.0216,1254
Order_447,fixed_62,0.35,62.0,0.0216,1339
Order_447,fixed_62,0.25,62.0,0.0216,1380
Order_447,fixed_62,0.2,62.0,0.0216,1413
Order_447,fixed_62,0.15,62.0,0.0216,1442
Order_447,bg+6mad,0.6,37.5,0.0279,1289
Order_447,bg+6mad,0.35,37.5,0.0279,1351
Order_447,bg+6mad,0.25,37.5,0.0279,1381
Order_447,bg+6mad,0.2,37.5,0.0279,1401
Order_447,bg+6mad,0.15,37.5,0.0279,1419
Order_447,bg+8mad,0.6,43.4,0.0268,1295
Order_447,bg+8mad,0.35,43.4,0.0268,1360
Order_447,bg+8mad,0.25,43.4,0.0268,1391
Order_447,bg+8mad,0.2,43.4,0.0268,1409
Order_447,bg+8mad,0.15,43.4,0.0268,1429
Order_447,guarded_otsu->fixed_62,0.6,47.6,0.026,1290
Order_447,guarded_otsu->fixed_62,0.35,47.6,0.026,1358
Order_447,guarded_otsu->fixed_62,0.25,47.6,0.026,1395
Order_447,guarded_otsu->fixed_62,0.2,47.6,0.026,1412
Order_447,guarded_otsu->fixed_62,0.15,47.6,0.026,1440
Order_447,guarded_otsu->bg+8mad,0.6,47.6,0.026,1290
Order_447,guarded_otsu->bg+8mad,0.35,47.6,0.026,1358
Order_447,guarded_otsu->bg+8mad,0.25,47.6,0.026,1395
Order_447,guarded_otsu->bg+8mad,0.2,47.6,0.026,1412
Order_447,guarded_otsu->bg+8mad,0.15,47.6,0.026,1440
Order_229,otsu,0.6,48.0,0.0254,1007
Order_229,otsu,0.35,48.0,0.0254,1008
Order_229,otsu,0.25,48.0,0.0254,1010
Order_229,otsu,0.2,48.0,0.0254,1010
Order_229,otsu,0.15,48.0,0.0254,1012
Order_229,triangle,0.6,26.7,0.029,944
Order_229,triangle,0.35,26.7,0.029,945
Order_229,triangle,0.25,26.7,0.029,946
Order_229,triangle,0.2,26.7,0.029,947
Order_229,triangle,0.15,26.7,0.029,949
Order_229,yen,0.6,26.1,0.0292,937
Order_229,yen,0.35,26.1,0.0292,938
Order_229,yen,0.25,26.1,0.0292,939
Order_229,yen,0.2,26.1,0.0292,940
Order_229,yen,0.15,26.1,0.0292,943
Order_229,fixed_62,0.6,62.0,0.0214,1024
Order_229,fixed_62,0.35,62.0,0.0214,1036
Order_229,fixed_62,0.25,62.0,0.0214,1036
Order_229,fixed_62,0.2,62.0,0.0214,1036
Order_229,fixed_62,0.15,62.0,0.0214,1037
Order_229,bg+6mad,0.6,33.8,0.0277,972
Order_229,bg+6mad,0.35,33.8,0.0277,973
Order_229,bg+6mad,0.25,33.8,0.0277,973
Order_229,bg+6mad,0.2,33.8,0.0277,974
Order_229,bg+6mad,0.15,33.8,0.0277,974
Order_229,bg+8mad,0.6,38.8,0.0269,985
Order_229,bg+8mad,0.35,38.8,0.0269,986
Order_229,bg+8mad,0.25,38.8,0.0269,986
Order_229,bg+8mad,0.2,38.8,0.0269,987
Order_229,bg+8mad,0.15,38.8,0.0269,987
Order_229,guarded_otsu->fixed_62,0.6,48.0,0.0254,1007
Order_229,guarded_otsu->fixed_62,0.35,48.0,0.0254,1008
Order_229,guarded_otsu->fixed_62,0.25,48.0,0.0254,1010
Order_229,guarded_otsu->fixed_62,0.2,48.0,0.0254,1010
Order_229,guarded_otsu->fixed_62,0.15,48.0,0.0254,1012
Order_229,guarded_otsu->bg+8mad,0.6,48.0,0.0254,1007
Order_229,guarded_otsu->bg+8mad,0.35,48.0,0.0254,1008
Order_229,guarded_otsu->bg+8mad,0.25,48.0,0.0254,1010
Order_229,guarded_otsu->bg+8mad,0.2,48.0,0.0254,1010
Order_229,guarded_otsu->bg+8mad,0.15,48.0,0.0254,1012
Order_157,otsu,0.6,47.6,0.0239,1045
Order_157,otsu,0.35,47.6,0.0239,1055
Order_157,otsu,0.25,47.6,0.0239,1062
Order_157,otsu,0.2,47.6,0.0239,1063
Order_157,otsu,0.15,47.6,0.0239,1067
Order_157,triangle,0.6,26.8,0.0274,973
Order_157,triangle,0.35,26.8,0.0274,983
Order_157,triangle,0.25,26.8,0.0274,989
Order_157,triangle,0.2,26.8,0.0274,991
Order_157,triangle,0.15,26.8,0.0274,1000
Order_157,yen,0.6,26.1,0.0276,967
Order_157,yen,0.35,26.1,0.0276,976
Order_157,yen,0.25,26.1,0.0276,982
Order_157,yen,0.2,26.1,0.0276,987
Order_157,yen,0.15,26.1,0.0276,996
Order_157,fixed_62,0.6,62.0,0.02,1050
Order_157,fixed_62,0.35,62.0,0.02,1088
Order_157,fixed_62,0.25,62.0,0.02,1103
Order_157,fixed_62,0.2,62.0,0.02,1111
Order_157,fixed_62,0.15,62.0,0.02,1116
Order_157,bg+6mad,0.6,37.1,0.0256,1016
Order_157,bg+6mad,0.35,37.1,0.0256,1027
Order_157,bg+6mad,0.25,37.1,0.0256,1029
Order_157,bg+6mad,0.2,37.1,0.0256,1034
Order_157,bg+6mad,0.15,37.1,0.0256,1038
Order_157,bg+8mad,0.6,43.1,0.0246,1033
Order_157,bg+8mad,0.35,43.1,0.0246,1041
Order_157,bg+8mad,0.25,43.1,0.0246,1046
Order_157,bg+8mad,0.2,43.1,0.0246,1047
Order_157,bg+8mad,0.15,43.1,0.0246,1053
Order_157,guarded_otsu->fixed_62,0.6,47.6,0.0239,1045
Order_157,guarded_otsu->fixed_62,0.35,47.6,0.0239,1055
Order_157,guarded_otsu->fixed_62,0.25,47.6,0.0239,1062
Order_157,guarded_otsu->fixed_62,0.2,47.6,0.0239,1063
Order_157,guarded_otsu->fixed_62,0.15,47.6,0.0239,1067
Order_157,guarded_otsu->bg+8mad,0.6,47.6,0.0239,1045
Order_157,guarded_otsu->bg+8mad,0.35,47.6,0.0239,1055
Order_157,guarded_otsu->bg+8mad,0.25,47.6,0.0239,1062
Order_157,guarded_otsu->bg+8mad,0.2,47.6,0.0239,1063
Order_157,guarded_otsu->bg+8mad,0.15,47.6,0.0239,1067
