file,true_count,count,count_ratio,true_area,area,area_ratio,n_touching,fill_pct,n_dust,note
batch_000.png,105,110,1.0476,0.81,0.8143,1.0053,37,2.108,375,
batch_001.png,112,70,0.625,1.0768,1.8148,1.6853,95,2.986,241,
batch_002.png,102,84,0.8235,1.5429,1.5004,0.9725,15,3.901,304,
batch_003.png,104,109,1.0481,1.0817,1.0549,0.9752,62,2.785,56,
batch_004.png,24,60,2.5,1.5177,0.5767,0.38,4,0.903,360,
batch_005.png,134,141,1.0522,1.0601,1.0214,0.9635,80,3.516,136,
batch_006.png,152,152,1.0,0.965,0.9122,0.9453,144,3.627,120,
batch_007.png,113,100,0.885,0.6923,0.6518,0.9415,17,1.939,209,
batch_008.png,52,54,1.0385,1.6128,1.488,0.9226,18,2.077,237,
batch_009.png,46,61,1.3261,1.5195,1.3859,0.9121,28,1.731,261,
batch_010.png,23,29,1.2609,1.4621,1.26,0.8618,8,0.834,178,
batch_011.png,43,97,2.2558,1.8028,0.9314,0.5166,37,1.92,285,
batch_012.png,24,24,1.0,1.4143,1.4183,1.0028,4,0.841,239,
batch_013.png,101,109,1.0792,1.6363,1.5636,0.9556,60,4.094,387,
batch_014.png,133,192,1.4436,1.224,1.0015,0.8182,126,4.029,170,
batch_015.png,114,117,1.0263,1.1066,1.0967,0.991,39,3.125,192,
batch_016.png,63,80,1.2698,1.5689,1.3841,0.8822,54,2.447,156,
batch_017.png,8,14,1.75,1.9025,1.198,0.6297,7,0.377,104,
batch_018.png,8,6,0.75,0.922,0.8715,0.9452,0,0.183,54,Otsu was degenerate (>15% foreground); used fixed threshold 62. Scan is nearly empty - verify against weight.
batch_019.png,91,92,1.011,0.6727,0.6609,0.9824,55,1.514,37,
batch_020.png,23,27,1.1739,0.8997,0.8233,0.9151,14,0.512,93,
batch_021.png,97,101,1.0412,1.0069,0.9735,0.9668,0,2.421,248,
batch_022.png,109,102,0.9358,1.5534,1.4852,0.9561,38,4.197,251,
batch_023.png,180,174,0.9667,0.6769,0.6926,1.0232,107,3.014,52,
batch_024.png,55,52,0.9455,1.6635,1.6976,1.0205,19,2.267,155,
batch_025.png,33,53,1.6061,1.4611,1.1038,0.7555,5,1.195,327,
batch_026.png,71,67,0.9437,1.3942,1.5315,1.0985,60,2.451,328,
batch_027.png,188,65,0.3457,0.6954,1.9637,2.8238,179,3.234,43,
batch_028.png,148,223,1.5068,1.0917,0.7779,0.7126,141,3.998,388,
batch_029.png,32,32,1.0,1.6069,1.5963,0.9934,11,1.274,95,
batch_030.png,116,80,0.6897,0.89,1.0949,1.2302,109,2.552,98,
batch_031.png,109,116,1.0642,0.993,0.9824,0.9893,65,2.68,318,
batch_032.png,39,48,1.2308,1.5642,1.5125,0.9669,13,1.512,205,
batch_033.png,13,18,1.3846,1.4972,0.6438,0.43,8,0.482,276,Otsu was degenerate (>15% foreground); used fixed threshold 62. Scan is nearly empty - verify against weight.
batch_034.png,18,13,0.7222,0.8133,0.5793,0.7123,6,0.363,197,Otsu was degenerate (>15% foreground); used fixed threshold 62. Scan is nearly empty - verify against weight.
batch_035.png,24,107,4.4583,1.1829,0.2671,0.2258,20,0.703,363,
batch_036.png,179,141,0.7877,0.8411,0.9678,1.1506,170,3.723,17,
batch_037.png,10,9,0.9,2.1101,2.2109,1.0478,4,0.523,211,
batch_038.png,81,223,2.7531,1.2773,0.4696,0.3676,77,2.56,210,
batch_039.png,73,85,1.1644,1.7821,1.7122,0.9608,44,3.223,163,
batch_040.png,50,49,0.98,1.6072,1.5187,0.945,0,1.992,285,
batch_041.png,42,27,0.6429,1.1135,1.0195,0.9156,40,1.158,30,Otsu was degenerate (>15% foreground); used fixed threshold 62. Scan is nearly empty - verify against weight.
batch_042.png,15,15,1.0,1.5756,1.623,1.0301,13,0.586,23,
batch_043.png,74,71,0.9595,1.3866,1.279,0.9224,0,2.544,337,
batch_044.png,89,139,1.5618,1.1584,0.9111,0.7865,76,2.551,399,
batch_045.png,186,150,0.8065,0.8421,1.0184,1.2094,177,3.872,338,
batch_046.png,85,85,1.0,1.2674,1.2588,0.9933,0,2.671,62,
batch_047.png,61,70,1.1475,1.7847,1.3294,0.7449,57,2.697,295,
batch_048.png,34,58,1.7059,1.5221,1.1318,0.7436,0,1.283,336,
batch_049.png,75,60,0.8,1.4111,1.3915,0.9861,45,2.622,73,
batch_050.png,109,80,0.7339,1.4691,2.037,1.3865,104,3.965,87,
batch_051.png,5,4,0.8,1.5861,1.1586,0.7305,4,0.196,50,Otsu was degenerate (>15% foreground); used fixed threshold 62. Scan is nearly empty - verify against weight.
batch_052.png,27,37,1.3704,1.2408,1.1197,0.9024,9,0.829,206,
batch_053.png,99,85,0.8586,1.1198,1.2658,1.1304,59,2.746,208,
batch_054.png,16,21,1.3125,1.5071,1.2625,0.8377,2,0.597,400,
batch_055.png,47,17,0.3617,0.983,0.57,0.5799,16,1.144,207,Otsu was degenerate (>15% foreground); used fixed threshold 62. Scan is nearly empty - verify against weight.
batch_056.png,17,33,1.9412,1.2068,0.9246,0.7662,3,0.509,384,
batch_057.png,11,63,5.7273,1.5625,0.3337,0.2135,9,0.426,362,
batch_058.png,83,34,0.4096,1.4827,3.5585,2.4,71,3.047,18,
batch_059.png,127,125,0.9843,1.2149,1.2499,1.0288,76,3.821,388,
batch_060.png,99,98,0.9899,1.5515,1.5909,1.0254,58,3.805,190,
batch_061.png,52,76,1.4615,1.4398,1.1985,0.8324,49,1.854,177,
batch_062.png,20,13,0.65,1.7276,1.4428,0.8351,7,0.856,252,Otsu was degenerate (>15% foreground); used fixed threshold 62. Scan is nearly empty - verify against weight.
batch_063.png,30,32,1.0667,0.8231,0.7541,0.9162,17,0.611,122,Otsu was degenerate (>15% foreground); used fixed threshold 62. Scan is nearly empty - verify against weight.
batch_064.png,40,51,1.275,0.7556,0.7119,0.9422,0,0.749,365,
batch_065.png,54,56,1.037,1.5351,1.4828,0.9659,0,2.055,210,
batch_066.png,62,68,1.0968,1.1872,1.1251,0.9477,0,1.824,280,
batch_067.png,20,9,0.45,0.7363,0.6666,0.9053,19,0.364,67,Otsu was degenerate (>15% foreground); used fixed threshold 62. Scan is nearly empty - verify against weight.
batch_068.png,126,125,0.9921,1.273,1.309,1.0283,44,3.974,119,
batch_069.png,45,36,0.8,1.1018,1.12,1.0165,7,1.228,90,
batch_070.png,44,48,1.0909,0.9183,0.8826,0.9611,15,1.001,203,
batch_071.png,109,262,2.4037,1.3957,0.5818,0.4169,93,3.767,340,
batch_072.png,81,28,0.3457,1.3435,3.8382,2.8569,77,2.694,18,
batch_073.png,61,67,1.0984,1.3712,1.2842,0.9365,52,2.069,119,
batch_074.png,135,191,1.4148,0.9715,0.787,0.8101,128,3.245,305,
batch_075.png,44,47,1.0682,1.4316,1.4654,1.0236,26,1.559,118,
batch_076.png,62,51,0.8226,1.356,1.7697,1.3051,59,2.081,352,
batch_077.png,98,107,1.0918,1.4479,1.3581,0.938,34,3.517,221,
batch_078.png,55,285,5.1818,1.582,0.328,0.2073,46,2.155,363,
batch_079.png,50,48,0.96,1.4984,1.8855,1.2583,48,1.855,209,
batch_080.png,48,55,1.1458,1.5575,1.5772,1.0126,17,1.853,363,
batch_081.png,82,56,0.6829,0.9976,1.2666,1.2697,70,2.025,187,
batch_082.png,31,28,0.9032,1.6233,1.5146,0.9331,5,1.247,92,
batch_083.png,44,52,1.1818,1.2755,1.1818,0.9266,26,1.39,42,
batch_084.png,28,28,1.0,1.2519,1.2335,0.9853,0,0.869,93,
batch_085.png,19,20,1.0526,1.4343,1.5835,1.104,11,0.674,201,
batch_086.png,166,157,0.9458,0.7883,0.7668,0.9727,0,3.243,239,
batch_087.png,14,16,1.1429,0.7486,0.7114,0.9503,5,0.259,166,
batch_088.png,91,92,1.011,1.7389,1.7094,0.983,0,3.924,102,
batch_089.png,111,122,1.0991,1.3418,1.3138,0.9791,67,3.689,240,
batch_090.png,50,278,5.56,1.2892,0.2172,0.1685,48,1.595,273,
batch_091.png,90,69,0.7667,1.7662,2.0236,1.1457,76,3.936,63,
batch_092.png,57,370,6.4912,1.6612,0.2663,0.1603,54,2.344,283,
batch_093.png,84,89,1.0595,1.4244,1.4868,1.0438,80,2.96,115,
batch_094.png,35,37,1.0571,1.4052,1.3794,0.9816,5,1.218,288,
batch_095.png,156,163,1.0449,0.8496,0.8693,1.0232,94,3.28,350,
batch_096.png,50,53,1.06,1.4745,1.4433,0.9788,8,1.827,394,
batch_097.png,20,17,0.85,1.0352,0.9848,0.9513,0,0.513,126,
batch_098.png,20,26,1.3,1.2498,1.2313,0.9852,7,0.62,282,
batch_099.png,63,78,1.2381,1.1986,1.0941,0.9128,38,1.871,369,
