method,file,preset,true_count,count,count_ratio,true_area,area,area_ratio
otsu,healthy_0.png,healthy,900,901,1.0011,1.5115,1.4956,0.9895
otsu,touching_0.png,touching,900,895,0.9944,1.5161,1.5359,1.0131
otsu,heavy_clump_0.png,heavy_clump,900,1049,1.1656,1.5357,1.4085,0.9172
otsu,sparse_0.png,sparse,12,2471,205.9167,0.776,0.2096,0.2701
otsu,sparse_clump_0.png,sparse_clump,40,1821,45.525,0.9375,0.2057,0.2194
otsu,field_0.png,field,1150,1203,1.0461,1.5074,1.4808,0.9823
otsu,banded_0.png,banded,600,605,1.0083,1.5111,1.5025,0.9943
otsu,shrivelled_0.png,shrivelled,900,907,1.0078,0.811,0.7796,0.9613
otsu,dense_dark_0.png,dense_dark,1200,1237,1.0308,1.524,1.4917,0.9788
triangle,healthy_0.png,healthy,900,919,1.0211,1.5115,1.5613,1.0329
triangle,touching_0.png,touching,900,986,1.0956,1.5161,1.5471,1.0205
triangle,heavy_clump_0.png,heavy_clump,900,4691,5.2122,1.5357,0.2891,0.1882
triangle,sparse_0.png,sparse,12,90,7.5,0.776,0.335,0.4317
triangle,sparse_clump_0.png,sparse_clump,40,207,5.175,0.9375,0.2508,0.2675
triangle,field_0.png,field,1150,1699,1.4774,1.5074,1.3141,0.8718
triangle,banded_0.png,banded,600,635,1.0583,1.5111,1.5498,1.0256
triangle,shrivelled_0.png,shrivelled,900,996,1.1067,0.811,0.801,0.9876
triangle,dense_dark_0.png,dense_dark,1200,1286,1.0717,1.524,1.5346,1.0069
yen,healthy_0.png,healthy,900,918,1.02,1.5115,1.5584,1.031
yen,touching_0.png,touching,900,973,1.0811,1.5161,1.5522,1.0238
yen,heavy_clump_0.png,heavy_clump,900,4143,4.6033,1.5357,0.3219,0.2096
yen,sparse_0.png,sparse,12,44,3.6667,0.776,0.4135,0.5328
yen,sparse_clump_0.png,sparse_clump,40,176,4.4,0.9375,0.2515,0.2683
yen,field_0.png,field,1150,1499,1.3035,1.5074,1.412,0.9367
yen,banded_0.png,banded,600,627,1.045,1.5111,1.5464,1.0233
yen,shrivelled_0.png,shrivelled,900,994,1.1044,0.811,0.7987,0.9849
yen,dense_dark_0.png,dense_dark,1200,1300,1.0833,1.524,1.5325,1.0056
fixed_62,healthy_0.png,healthy,900,902,1.0022,1.5115,1.5048,0.9956
fixed_62,touching_0.png,touching,900,901,1.0011,1.5161,1.5283,1.008
fixed_62,heavy_clump_0.png,heavy_clump,900,1114,1.2378,1.5357,1.4048,0.9148
fixed_62,sparse_0.png,sparse,12,17,1.4167,0.776,0.2627,0.3385
fixed_62,sparse_clump_0.png,sparse_clump,40,30,0.75,0.9375,0.4891,0.5217
fixed_62,field_0.png,field,1150,1212,1.0539,1.5074,1.4822,0.9833
fixed_62,banded_0.png,banded,600,606,1.01,1.5111,1.5118,1.0004
fixed_62,shrivelled_0.png,shrivelled,900,389,0.4322,0.811,0.7049,0.8692
fixed_62,dense_dark_0.png,dense_dark,1200,1108,0.9233,1.524,1.4634,0.9602
guarded->fixed_62,healthy_0.png,healthy,900,901,1.0011,1.5115,1.4956,0.9895
guarded->fixed_62,touching_0.png,touching,900,895,0.9944,1.5161,1.5359,1.0131
guarded->fixed_62,heavy_clump_0.png,heavy_clump,900,1049,1.1656,1.5357,1.4085,0.9172
guarded->fixed_62,sparse_0.png,sparse,12,17,1.4167,0.776,0.2627,0.3385
guarded->fixed_62,sparse_clump_0.png,sparse_clump,40,30,0.75,0.9375,0.4891,0.5217
guarded->fixed_62,field_0.png,field,1150,1203,1.0461,1.5074,1.4808,0.9823
guarded->fixed_62,banded_0.png,banded,600,605,1.0083,1.5111,1.5025,0.9943
guarded->fixed_62,shrivelled_0.png,shrivelled,900,907,1.0078,0.811,0.7796,0.9613
guarded->fixed_62,dense_dark_0.png,dense_dark,1200,1237,1.0308,1.524,1.4917,0.9788
bg+3mad,healthy_0.png,healthy,900,918,1.02,1.5115,1.5595,1.0317
bg+3mad,touching_0.png,touching,900,975,1.0833,1.5161,1.5536,1.0247
bg+3mad,heavy_clump_0.png,heavy_clump,900,4108,4.5644,1.5357,0.3253,0.2118
bg+3mad,sparse_0.png,sparse,12,82,6.8333,0.776,0.3445,0.444
bg+3mad,sparse_clump_0.png,sparse_clump,40,192,4.8,0.9375,0.2599,0.2772
bg+3mad,field_0.png,field,1150,1530,1.3304,1.5074,1.3966,0.9265
bg+3mad,banded_0.png,banded,600,620,1.0333,1.5111,1.539,1.0185
bg+3mad,shrivelled_0.png,shrivelled,900,993,1.1033,0.811,0.7965,0.9822
bg+3mad,dense_dark_0.png,dense_dark,1200,1283,1.0692,1.524,1.5326,1.0057
bg+4mad,healthy_0.png,healthy,900,914,1.0156,1.5115,1.5529,1.0274
bg+4mad,touching_0.png,touching,900,954,1.06,1.5161,1.555,1.0257
bg+4mad,heavy_clump_0.png,heavy_clump,900,3784,4.2044,1.5357,0.3338,0.2173
bg+4mad,sparse_0.png,sparse,12,65,5.4167,0.776,0.3198,0.4121
bg+4mad,sparse_clump_0.png,sparse_clump,40,175,4.375,0.9375,0.2416,0.2577
bg+4mad,field_0.png,field,1150,1378,1.1983,1.5074,1.4565,0.9663
bg+4mad,banded_0.png,banded,600,608,1.0133,1.5111,1.5323,1.014
bg+4mad,shrivelled_0.png,shrivelled,900,980,1.0889,0.811,0.7722,0.9522
bg+4mad,dense_dark_0.png,dense_dark,1200,1266,1.055,1.524,1.5207,0.9978
bg+5mad,healthy_0.png,healthy,900,910,1.0111,1.5115,1.5445,1.0218
bg+5mad,touching_0.png,touching,900,929,1.0322,1.5161,1.5617,1.0301
bg+5mad,heavy_clump_0.png,heavy_clump,900,2958,3.2867,1.5357,0.5116,0.3331
bg+5mad,sparse_0.png,sparse,12,43,3.5833,0.776,0.392,0.5051
bg+5mad,sparse_clump_0.png,sparse_clump,40,137,3.425,0.9375,0.2876,0.3067
bg+5mad,field_0.png,field,1150,1295,1.1261,1.5074,1.483,0.9838
bg+5mad,banded_0.png,banded,600,606,1.01,1.5111,1.5215,1.0069
bg+5mad,shrivelled_0.png,shrivelled,900,866,0.9622,0.811,0.7732,0.9535
bg+5mad,dense_dark_0.png,dense_dark,1200,1254,1.045,1.524,1.5118,0.992
bg+6mad,healthy_0.png,healthy,900,908,1.0089,1.5115,1.5344,1.0151
bg+6mad,touching_0.png,touching,900,925,1.0278,1.5161,1.5544,1.0252
bg+6mad,heavy_clump_0.png,heavy_clump,900,1628,1.8089,1.5357,1.1467,0.7467
bg+6mad,sparse_0.png,sparse,12,39,3.25,0.776,0.3491,0.4499
bg+6mad,sparse_clump_0.png,sparse_clump,40,104,2.6,0.9375,0.2853,0.3043
bg+6mad,field_0.png,field,1150,1259,1.0948,1.5074,1.4836,0.9842
bg+6mad,banded_0.png,banded,600,605,1.0083,1.5111,1.5037,0.9951
bg+6mad,shrivelled_0.png,shrivelled,900,743,0.8256,0.811,0.76,0.9371
bg+6mad,dense_dark_0.png,dense_dark,1200,1246,1.0383,1.524,1.5004,0.9845
bg+8mad,healthy_0.png,healthy,900,904,1.0044,1.5115,1.5191,1.0051
bg+8mad,touching_0.png,touching,900,917,1.0189,1.5161,1.5345,1.0121
bg+8mad,heavy_clump_0.png,heavy_clump,900,1332,1.48,1.5357,1.2661,0.8244
bg+8mad,sparse_0.png,sparse,12,23,1.9167,0.776,0.3363,0.4334
bg+8mad,sparse_clump_0.png,sparse_clump,40,30,0.75,0.9375,0.8376,0.8934
bg+8mad,field_0.png,field,1150,1218,1.0591,1.5074,1.4826,0.9835
bg+8mad,banded_0.png,banded,600,532,0.8867,1.5111,1.4623,0.9677
bg+8mad,shrivelled_0.png,shrivelled,900,542,0.6022,0.811,0.7276,0.8971
bg+8mad,dense_dark_0.png,dense_dark,1200,1238,1.0317,1.524,1.4707,0.965
guarded->bg+3mad,healthy_0.png,healthy,900,901,1.0011,1.5115,1.4956,0.9895
guarded->bg+3mad,touching_0.png,touching,900,895,0.9944,1.5161,1.5359,1.0131
guarded->bg+3mad,heavy_clump_0.png,heavy_clump,900,1049,1.1656,1.5357,1.4085,0.9172
guarded->bg+3mad,sparse_0.png,sparse,12,82,6.8333,0.776,0.3445,0.444
guarded->bg+3mad,sparse_clump_0.png,sparse_clump,40,192,4.8,0.9375,0.2599,0.2772
guarded->bg+3mad,field_0.png,field,1150,1203,1.0461,1.5074,1.4808,0.9823
guarded->bg+3mad,banded_0.png,banded,600,605,1.0083,1.5111,1.5025,0.9943
guarded->bg+3mad,shrivelled_0.png,shrivelled,900,907,1.0078,0.811,0.7796,0.9613
guarded->bg+3mad,dense_dark_0.png,dense_dark,1200,1237,1.0308,1.524,1.4917,0.9788
guarded->bg+4mad,healthy_0.png,healthy,900,901,1.0011,1.5115,1.4956,0.9895
guarded->bg+4mad,touching_0.png,touching,900,895,0.9944,1.5161,1.5359,1.0131
guarded->bg+4mad,heavy_clump_0.png,heavy_clump,900,1049,1.1656,1.5357,1.4085,0.9172
guarded->bg+4mad,sparse_0.png,sparse,12,65,5.4167,0.776,0.3198,0.4121
guarded->bg+4mad,sparse_clump_0.png,sparse_clump,40,175,4.375,0.9375,0.2416,0.2577
guarded->bg+4mad,field_0.png,field,1150,1203,1.0461,1.5074,1.4808,0.9823
guarded->bg+4mad,banded_0.png,banded,600,605,1.0083,1.5111,1.5025,0.9943
guarded->bg+4mad,shrivelled_0.png,shrivelled,900,907,1.0078,0.811,0.7796,0.9613
guarded->bg+4mad,dense_dark_0.png,dense_dark,1200,1237,1.0308,1.524,1.4917,0.9788
